{"stats":{"minecraft:crafted":{"minecraft:dark_oak_planks":12,"minecraft:crafting_table":1,"minecraft:stick":8,"minecraft:wooden_pickaxe":1,"minecraft:stone_pickaxe":1},"minecraft:used":{"minecraft:dirt":2,"minecraft:crafting_table":2,"minecraft:stone_pickaxe":29,"minecraft:wooden_pickaxe":4},"minecraft:mined":{"minecraft:grass_block":3,"minecraft:dirt":8,"spell_engine:spell_binding":1,"minecraft:cobblestone":3,"minecraft:stone":26,"minecraft:dark_oak_log":3,"minecraft:crafting_table":1},"minecraft:picked_up":{"minecraft:crafting_table":1,"spell_engine:spell_binding":1,"minecraft:dirt":11,"minecraft:dark_oak_log":3,"minecraft:cobblestone":29},"minecraft:custom":{"minecraft:time_since_rest":4873,"minecraft:crouch_one_cm":739,"minecraft:play_time":4873,"minecraft:sprint_one_cm":9030,"minecraft:damage_taken":45,"minecraft:walk_one_cm":37077,"minecraft:sneak_time":80,"minecraft:jump":66,"minecraft:leave_game":1,"minecraft:time_since_death":4873,"minecraft:total_world_time":4873,"minecraft:interact_with_crafting_table":3,"minecraft:fall_one_cm":1322,"minecraft:fly_one_cm":8094}},"DataVersion":3465}