{"stats":{"minecraft:picked_up":{"minecraft:crafting_table":11,"minecraft:wheat":2,"minecraft:anvil":1,"minecraft:smithing_table":1,"minecraft:stone_slab":1,"mythicmetals:raw_kyber":2,"minecraft:string":5,"minecraft:raw_copper":137,"twigs:pebble":2,"mythicmetals:raw_osmium":2,"minecraft:poppy":3,"minecraft:lectern":2,"minecraft:furnace":8,"minecraft:dark_oak_sapling":13,"minecraft:raw_iron":39,"minecraft:torch":6,"mythicmetals:raw_tin":7,"minecraft:pointed_dripstone":23,"minecraft:arrow":6,"minecraft:rotten_flesh":15,"mythicmetals:raw_manganese":14,"minecraft:green_wool":7,"minecraft:white_wool":12,"minecraft:cobblestone":144,"mythicmetals:raw_banglum":3,"minecraft:gunpowder":1,"mythicmetals:raw_platinum":2,"minecraft:lapis_lazuli":28,"minecraft:chipped_anvil":1,"minecraft:bone":6,"bountiful:bounty":1,"minecraft:apple":2,"minecraft:stonecutter":1,"minecraft:wheat_seeds":4,"minecraft:raw_gold":7,"minecraft:grindstone":1,"minecraft:iron_ingot":9,"artifacts:steadfast_spikes":1,"twigs:twig":16,"minecraft:gray_bed":3,"mythicmetals:raw_silver":21,"duckling:duck_egg":3,"minecraft:book":69,"minecraft:sweet_berries":21,"goodending:spicy_wildflowers":1,"minecraft:dripstone_block":3,"mythicmetals:raw_quadrillum":4,"minecraft:spruce_sapling":13,"minecraft:spruce_log":21,"minecraft:dark_oak_log":19,"minecraft:emerald":1,"minecraft:damaged_anvil":1,"minecraft:coal":179,"strangeberries:haste_berries":6},"minecraft:custom":{"minecraft:interact_with_smithing_table":1,"lootr:looted_stat":61,"minecraft:inspect_dropper":1,"minecraft:interact_with_anvil":1,"minecraft:mob_kills":21,"minecraft:interact_with_crafting_table":38,"minecraft:time_since_death":41297,"minecraft:climb_one_cm":5169,"minecraft:sprint_one_cm":236819,"minecraft:walk_one_cm":158099,"minecraft:damage_blocked_by_shield":420,"minecraft:drop":35,"minecraft:talked_to_villager":1,"minecraft:play_time":97029,"minecraft:deaths":4,"minecraft:sneak_time":4109,"minecraft:jump":1342,"minecraft:total_world_time":97029,"minecraft:interact_with_furnace":91,"minecraft:interact_with_cartography_table":1,"minecraft:sleep_in_bed":2,"minecraft:time_since_rest":11666,"minecraft:damage_taken":3515,"minecraft:damage_dealt":7804,"minecraft:fly_one_cm":270557,"minecraft:open_chest":4,"minecraft:crouch_one_cm":7805,"minecraft:fall_one_cm":31608},"minecraft:killed_by":{"minecraft:iron_golem":1,"mythicmobs:chupacabra":3},"minecraft:used":{"mythicmetals:silver_helmet":1,"minecraft:stone_sword":72,"minecraft:flint_and_steel":1,"minecraft:spruce_planks":1,"minecraft:shield":6,"minecraft:iron_sword":77,"minecraft:iron_chestplate":1,"minecraft:torch":7,"minecraft:wooden_axe":2,"minecraft:bookshelf":26,"minecraft:green_wool":5,"minecraft:iron_boots":1,"minecraft:sweet_berries":3,"minecraft:furnace":10,"duckling:duck_egg":3,"minecraft:gray_bed":2,"minecraft:pointed_dripstone":2,"minecraft:iron_leggings":1,"minecraft:dark_oak_sapling":4,"minecraft:damaged_anvil":1,"minecraft:stone_pickaxe":67,"spell_engine:spell_binding":1,"minecraft:mossy_cobblestone":3,"minecraft:crafting_table":12,"minecraft:dripstone_block":3,"strangeberries:haste_berries":2,"minecraft:bread":45,"minecraft:iron_pickaxe":263,"minecraft:stone_slab":1,"goodending:spicy_wildflowers":1,"minecraft:stone_axe":35,"minecraft:wooden_sword":21,"minecraft:cobblestone":57,"twigs:pebble":2,"minecraft:cobweb":9},"minecraft:mined":{"strangeberries:haste_berry_bush":1,"mythicmetals:osmium_ore":2,"mythicmetals:silver_ore":15,"minerally:lapis_pile_1":1,"minecraft:spruce_sapling":1,"mythicmetals:quadrillum_ore":2,"minecraft:furnace":9,"mythicmetals:kyber_ore":1,"minecraft:iron_ore":35,"minerally:copper_pile":1,"mythicmetals:tin_ore":4,"minecraft:anvil":1,"minecraft:pointed_dripstone":14,"minecraft:bookshelf":23,"minerally:copper_pile_0":1,"goodending:spicy_wildflowers":1,"minecraft:stone":68,"minecraft:white_wool":12,"minecraft:green_wool":5,"minecraft:smithing_table":1,"twigs:pebble":2,"mythicmetals:platinum_ore":1,"minerally:gold_pile_1":2,"minerally:iron_pile":2,"minecraft:crafting_table":11,"minecraft:torch":4,"minecraft:lectern":2,"minecraft:stone_slab":1,"minecraft:copper_ore":28,"minecraft:cobblestone":60,"minerally:gold_pile_0":3,"minecraft:lapis_ore":4,"minerally:iron_pile_0":1,"minecraft:grindstone":1,"minerally:lapis_pile":2,"minecraft:damaged_anvil":1,"minecraft:wall_torch":2,"mythicmetals:manganese_ore":9,"minecraft:gray_bed":3,"minecraft:grass":1,"minecraft:coal_ore":44,"minerally:lapis_pile_0":2,"minecraft:cobweb":5,"minerally:gold_pile":3,"minecraft:stonecutter":1,"minecraft:chipped_anvil":1,"mythicmetals:banglum_ore":2,"minecraft:oak_leaves":1},"minecraft:killed":{"minecraft:witch":2,"minecraft:spider":2,"minecraft:skeleton":10,"artifacts:mimic":2,"minecraft:iron_golem":4,"mythicmobs:drake":2,"minecraft:zombie":20},"minecraft:crafted":{"mythicmetals:platinum_ingot":2,"usefulbackpacks:backpack_small":1,"minecraft:furnace":5,"minecraft:flint_and_steel":1,"minecraft:iron_boots":1,"minecraft:stone_pickaxe":1,"usefulbackpacks:backpack_medium":1,"minecraft:dark_oak_planks":76,"mythicmetals:silver_helmet":1,"mythicmetals:osmium_ingot":2,"minecraft:crafting_table":1,"minecraft:spruce_planks":132,"minecraft:baked_potato":8,"minecraft:iron_sword":1,"minecraft:copper_ingot":75,"mythicmetals:silver_ingot":8,"minecraft:stone_axe":1,"minecraft:air":0,"mythicmetals:kyber_ingot":2,"minecraft:iron_chestplate":1,"minecraft:stick":12,"usefulbackpacks:backpack_large":1,"minecraft:iron_ingot":23,"minecraft:iron_pickaxe":1,"minecraft:wooden_axe":1,"minecraft:stone_sword":1,"minecraft:gold_ingot":5,"minecraft:iron_leggings":1,"mythicmetals:manganese_ingot":14,"minecraft:torch":12},"minecraft:broken":{"minecraft:iron_pickaxe":1},"minecraft:dropped":{"minecraft:wheat_seeds":4,"mythicmetals:raw_tin":2,"minecraft:baked_potato":8,"minecraft:dark_oak_sapling":9,"minecraft:wooden_axe":1,"minecraft:chain":2,"minecraft:wooden_sword":1,"minecraft:paper":2,"minecraft:dark_oak_planks":20,"twigs:twig":16,"minecraft:spruce_sapling":13,"minecraft:green_wool":2,"bountiful:bounty":1,"minecraft:stone_sword":1,"minecraft:raw_copper":31,"minecraft:wheat":2,"minecraft:rotten_flesh":15,"minecraft:poppy":3,"minecraft:gunpowder":1,"minecraft:leather_boots":1,"minecraft:stone_pickaxe":1,"artifacts:snowshoes":1}},"DataVersion":3465}