{"stats":{"minecraft:broken":{"minecraft:iron_pickaxe":1},"minecraft:custom":{"minecraft:interact_with_smithing_table":1,"lootr:looted_stat":63,"minecraft:inspect_dropper":1,"minecraft:interact_with_anvil":1,"minecraft:mob_kills":27,"minecraft:interact_with_crafting_table":53,"minecraft:leave_game":8,"minecraft:time_since_death":64075,"minecraft:climb_one_cm":5169,"minecraft:sprint_one_cm":303022,"minecraft:walk_one_cm":272665,"minecraft:damage_blocked_by_shield":420,"minecraft:drop":47,"minecraft:talked_to_villager":1,"minecraft:play_time":181687,"minecraft:deaths":6,"minecraft:sneak_time":6619,"minecraft:jump":1693,"minecraft:total_world_time":181687,"minecraft:interact_with_furnace":201,"minecraft:interact_with_cartography_table":1,"minecraft:sleep_in_bed":2,"minecraft:time_since_rest":64199,"minecraft:damage_taken":4552,"minecraft:trigger_trapped_chest":1,"minecraft:damage_dealt":8874,"minecraft:fly_one_cm":420788,"minecraft:open_chest":4,"minecraft:crouch_one_cm":14644,"minecraft:fall_one_cm":41506},"minecraft:killed_by":{"minecraft:iron_golem":1,"mythicmobs:chupacabra":3,"minecraft:zombie":1},"minecraft:mined":{"strangeberries:haste_berry_bush":1,"mythicmetals:osmium_ore":2,"mythicmetals:deepslate_morkite_ore":2,"minecraft:glow_lichen":1,"mythicmetals:silver_ore":31,"minerally:coal_pile_0":1,"minerally:lapis_pile_1":1,"minecraft:redstone_ore":2,"minecraft:spruce_sapling":1,"mythicmetals:quadrillum_ore":12,"minecraft:furnace":26,"mythicmetals:kyber_ore":2,"minecraft:iron_ore":91,"minerally:copper_pile":1,"mythicmetals:tin_ore":4,"minecraft:anvil":1,"minecraft:bookshelf":23,"minecraft:pointed_dripstone":16,"minerally:copper_pile_0":1,"minerally:coal_pile_1":1,"goodending:spicy_wildflowers":1,"minecraft:stone":273,"minecraft:white_wool":12,"minecraft:green_wool":5,"minecraft:smithing_table":1,"minecraft:deepslate_redstone_ore":2,"minerally:coal_pile":1,"twigs:pebble":2,"mythicmetals:platinum_ore":21,"minerally:gold_pile_1":3,"lootr:lootr_barrel":1,"minecraft:red_bed":1,"minerally:iron_pile":2,"minecraft:crafting_table":14,"minecraft:cobbled_deepslate_wall":1,"minecraft:torch":8,"minecraft:lectern":2,"minecraft:stone_slab":1,"minecraft:copper_ore":28,"minerally:gold_pile_0":4,"minecraft:cobblestone":82,"minecraft:deepslate_coal_ore":1,"minerally:iron_pile_0":1,"minerally:lapis_pile":2,"minecraft:lapis_ore":10,"minecraft:grindstone":1,"minecraft:oak_planks":2,"minecraft:damaged_anvil":1,"minecraft:wall_torch":8,"mythicmetals:manganese_ore":17,"minecraft:gray_bed":4,"minecraft:grass":1,"minecraft:coal_ore":63,"minerally:lapis_pile_0":2,"minecraft:gravel":37,"mythicmetals:morkite_ore":7,"minecraft:cobweb":5,"twigs:rhyolite":1,"minerally:gold_pile":4,"minecraft:stonecutter":1,"minecraft:gold_ore":1,"minecraft:chipped_anvil":1,"mythicmetals:banglum_ore":2,"minecraft:oak_leaves":1,"minecraft:deepslate":1},"minecraft:dropped":{"minecraft:wheat_seeds":4,"mythicmetals:raw_tin":2,"minecraft:baked_potato":8,"minecraft:dark_oak_sapling":9,"minecraft:cobbled_deepslate_wall":1,"minecraft:wooden_axe":1,"minecraft:chain":2,"minecraft:wooden_sword":1,"minecraft:iron_pickaxe":1,"minecraft:paper":2,"minecraft:dark_oak_planks":20,"twigs:twig":16,"minecraft:spruce_sapling":13,"minecraft:green_wool":2,"minecraft:gravel":27,"twigs:rhyolite":1,"minecraft:furnace":1,"minecraft:stone_axe":1,"bountiful:bounty":1,"minecraft:stone_sword":1,"minecraft:raw_copper":31,"minecraft:wheat":2,"mythicmetals:silver_helmet":1,"minecraft:pointed_dripstone":2,"minecraft:rotten_flesh":17,"minecraft:iron_boots":2,"minecraft:poppy":3,"minecraft:gunpowder":1,"minecraft:leather_boots":1,"minecraft:stone_pickaxe":1,"artifacts:snowshoes":1},"minecraft:used":{"mythicmetals:silver_helmet":1,"minecraft:stone_sword":72,"minecraft:flint_and_steel":1,"minecraft:spruce_planks":1,"minecraft:shield":6,"minecraft:iron_sword":80,"minecraft:iron_chestplate":1,"minecraft:torch":20,"minecraft:wooden_axe":2,"minecraft:bookshelf":26,"minecraft:iron_axe":5,"minecraft:green_wool":5,"minecraft:iron_boots":1,"minecraft:sweet_berries":3,"minecraft:furnace":25,"duckling:duck_egg":3,"minecraft:gray_bed":4,"minecraft:trapped_chest":1,"minecraft:iron_leggings":1,"minecraft:pointed_dripstone":3,"minecraft:dark_oak_sapling":4,"minecraft:water_bucket":1,"minecraft:damaged_anvil":1,"mythicmetals:quadrillum_pickaxe":215,"minecraft:stone_pickaxe":67,"minecraft:oak_planks":2,"spell_engine:spell_binding":1,"minecraft:mossy_cobblestone":3,"minecraft:red_bed":1,"minecraft:crafting_table":15,"minecraft:dripstone_block":3,"strangeberries:haste_berries":2,"minecraft:bread":53,"minecraft:iron_pickaxe":456,"minecraft:stone_slab":1,"goodending:spicy_wildflowers":1,"minecraft:gravel":6,"minecraft:stone_axe":39,"minecraft:wooden_sword":21,"minecraft:cobblestone":238,"minecraft:bucket":3,"mythicmetals:quadrillum_sword":19,"twigs:pebble":2,"minecraft:cobweb":9},"minecraft:picked_up":{"minecraft:crafting_table":14,"minecraft:wheat":2,"minecraft:anvil":1,"minecraft:smithing_table":1,"minecraft:stone_slab":1,"mythicmetals:raw_kyber":3,"minecraft:string":5,"minecraft:red_bed":1,"minecraft:raw_copper":137,"twigs:pebble":17,"mythicmetals:raw_osmium":2,"minecraft:poppy":3,"minecraft:lectern":2,"minecraft:furnace":27,"minecraft:iron_boots":1,"minecraft:dark_oak_sapling":13,"minecraft:raw_iron":95,"minecraft:torch":16,"mythicmetals:raw_tin":7,"minecraft:pointed_dripstone":26,"mythicmetals:morkite":26,"minecraft:redstone":17,"minecraft:arrow":9,"minecraft:rotten_flesh":17,"mythicmetals:raw_manganese":26,"minecraft:green_wool":7,"minecraft:white_wool":12,"minecraft:cobblestone":385,"mythicmetals:raw_banglum":3,"minecraft:flint":4,"minecraft:gunpowder":1,"minecraft:lapis_lazuli":62,"mythicmetals:raw_platinum":31,"minecraft:bone":8,"minecraft:chipped_anvil":1,"bountiful:bounty":1,"minecraft:apple":2,"minecraft:bow":1,"minecraft:stonecutter":1,"minecraft:wheat_seeds":4,"minecraft:cobbled_deepslate_wall":1,"minecraft:raw_gold":11,"minecraft:iron_ingot":9,"minecraft:grindstone":1,"artifacts:steadfast_spikes":1,"twigs:twig":16,"minecraft:gray_bed":4,"mythicmetals:raw_silver":49,"minecraft:oak_planks":2,"duckling:duck_egg":3,"minecraft:book":69,"minecraft:sweet_berries":21,"goodending:spicy_wildflowers":1,"minecraft:dripstone_block":3,"minecraft:gravel":33,"mythicmetals:raw_quadrillum":18,"minecraft:spruce_sapling":13,"minecraft:spruce_log":21,"minecraft:trapped_chest":1,"minecraft:dark_oak_log":19,"minecraft:barrel":1,"minecraft:emerald":1,"twigs:rhyolite":1,"minecraft:damaged_anvil":1,"minecraft:coal":265,"strangeberries:haste_berries":6},"minecraft:crafted":{"mythicmetals:platinum_ingot":24,"mythicmetals:quadrillum_ingot":18,"usefulbackpacks:backpack_small":1,"minecraft:furnace":5,"mythicmetals:quadrillum_sword":1,"minecraft:flint_and_steel":1,"minecraft:iron_boots":1,"minecraft:iron_axe":1,"minecraft:stone_pickaxe":1,"minecraft:diamond_boots":1,"usefulbackpacks:backpack_medium":1,"minecraft:dark_oak_planks":76,"mythicmetals:silver_helmet":1,"mythicmetals:osmium_ingot":2,"minecraft:crafting_table":1,"minecraft:spruce_planks":132,"minecraft:baked_potato":8,"minecraft:iron_helmet":1,"minecraft:iron_sword":1,"minecraft:copper_ingot":77,"mythicmetals:silver_ingot":49,"minecraft:bucket":2,"minecraft:stone_axe":1,"minecraft:air":0,"mythicmetals:kyber_ingot":2,"minecraft:iron_chestplate":1,"mythicmetals:banglum_ingot":3,"minecraft:stick":20,"usefulbackpacks:backpack_large":1,"minecraft:iron_ingot":95,"minecraft:iron_pickaxe":1,"minecraft:wooden_axe":1,"minecraft:stone_sword":1,"minecraft:iron_leggings":1,"minecraft:gold_ingot":22,"mythicmetals:manganese_ingot":26,"minecraft:torch":12,"mythicmetals:quadrillum_pickaxe":1},"minecraft:killed":{"minecraft:witch":2,"minecraft:spider":4,"minecraft:skeleton":14,"artifacts:mimic":2,"minecraft:iron_golem":4,"mythicmobs:drake":2,"minecraft:zombie":26}},"DataVersion":3465}