{"stats":{"minecraft:broken":{"mythicmetals:quadrillum_pickaxe":1,"mythicmetals:quadrillum_sword":1,"minecraft:shield":1,"minecraft:iron_pickaxe":1},"minecraft:custom":{"lootr:looted_stat":75,"minecraft:interact_with_crafting_table":60,"minecraft:leave_game":10,"minecraft:time_since_death":34742,"minecraft:damage_resisted":6,"minecraft:sprint_one_cm":503280,"minecraft:damage_blocked_by_shield":3860,"minecraft:drop":125,"minecraft:talked_to_villager":1,"minecraft:play_time":290409,"minecraft:deaths":7,"minecraft:jump":2812,"minecraft:walk_on_water_one_cm":6926,"minecraft:interact_with_furnace":266,"minecraft:interact_with_cartography_table":1,"minecraft:sleep_in_bed":2,"minecraft:damage_dealt":21888,"minecraft:crouch_one_cm":37605,"minecraft:interact_with_smoker":6,"minecraft:interact_with_smithing_table":2,"minecraft:inspect_dropper":1,"minecraft:mob_kills":89,"minecraft:interact_with_anvil":1,"minecraft:climb_one_cm":5169,"minecraft:walk_one_cm":497790,"minecraft:sneak_time":14847,"minecraft:walk_under_water_one_cm":1973,"minecraft:total_world_time":290409,"minecraft:time_since_rest":34800,"minecraft:damage_taken":7322,"minecraft:trigger_trapped_chest":1,"minecraft:swim_one_cm":6221,"minecraft:fly_one_cm":603583,"minecraft:open_chest":4,"minecraft:fall_one_cm":70998},"minecraft:killed_by":{"mythicmobs:chupacabra":3,"minecraft:zombie":1,"minecraft:iron_golem":1,"minecraft:skeleton":1},"minecraft:mined":{"minecraft:dark_oak_planks":2,"minerally:deepslate_gold_pile_0":2,"minerally:deepslate_emerald_crystal_0":6,"minerally:deepslate_gold_pile_1":2,"minerally:deepslate_emerald_crystal_1":6,"minerally:deepslate_diamond_crystal_0":2,"minecraft:brewing_stand":2,"mythicmetals:deepslate_morkite_ore":21,"mythicmetals:deepslate_adamantite_ore":5,"minerally:coal_pile_0":1,"minecraft:deepslate_bricks":1,"minecraft:spawner":1,"mythicmetals:deepslate_orichalcum_ore":4,"minecraft:iron_ore":95,"minecraft:cobbled_deepslate":89,"minecraft:fire":10,"minecraft:deepslate_lapis_ore":6,"minecraft:anvil":4,"minecraft:dark_oak_stairs":2,"minecraft:pointed_dripstone":16,"minecraft:cave_vines":1,"minerally:coal_pile_1":1,"minerally:deepslate_diamond_crystal_1":1,"minerally:deepslate_redstone_pile_0":2,"minecraft:deepslate_redstone_ore":19,"minerally:deepslate_redstone_pile":2,"lootr:lootr_chest":11,"minecraft:red_bed":1,"minerally:iron_pile":2,"minecraft:torch":16,"mythicmetals:deepslate_carmot_ore":2,"minerally:deepslate_emerald_crystal":6,"minecraft:cobblestone":113,"minerally:iron_pile_0":1,"minecraft:grindstone":1,"minerally:lapis_pile":2,"minecraft:oak_planks":2,"minecraft:damaged_anvil":2,"minecraft:wall_torch":16,"minecraft:chain":8,"minerally:deepslate_geode":1,"mythicmetals:manganese_ore":17,"minecraft:grass":1,"mythicmetals:morkite_ore":7,"twigs:rhyolite":4,"minerally:gold_pile":4,"minecraft:stonecutter":1,"minecraft:oak_leaves":1,"minecraft:deepslate":192,"minecraft:tuff":8,"minecraft:stripped_mangrove_log":1,"minecraft:deepslate_diamond_ore":37,"strangeberries:haste_berry_bush":1,"mythicmetals:osmium_ore":2,"minecraft:glow_lichen":1,"minecraft:chiseled_bookshelf":11,"mythicmetals:silver_ore":31,"minerally:deepslate_iron_pile_1":1,"minerally:lapis_pile_1":1,"minecraft:moss_block":1,"minerally:deepslate_lapis_pile_0":2,"minerally:deepslate_lapis_pile":2,"minecraft:redstone_ore":8,"minerally:deepslate_diamond_crystal":2,"minecraft:spruce_sapling":1,"mythicmetals:quadrillum_ore":12,"minecraft:furnace":27,"mythicmetals:kyber_ore":2,"minerally:copper_pile":1,"minecraft:andesite":1,"mythicmetals:tin_ore":4,"mythicmetals:deepslate_mythril_ore":8,"minerally:deepslate_iron_pile":1,"minerally:deepslate_iron_pile_0":1,"minecraft:bookshelf":38,"minecraft:deepslate_iron_ore":55,"minerally:deepslate_gold_pile":2,"minecraft:lantern":2,"minerally:copper_pile_0":1,"goodending:spicy_wildflowers":1,"minecraft:stone":278,"minecraft:white_wool":12,"minecraft:green_wool":5,"minecraft:smithing_table":2,"minerally:coal_pile":1,"mythicmetals:platinum_ore":21,"twigs:pebble":2,"minecraft:mangrove_stairs":2,"minerally:gold_pile_1":3,"lootr:lootr_barrel":1,"minerally:deepslate_redstone_pile_1":2,"minecraft:crafting_table":18,"minecraft:cobbled_deepslate_wall":1,"minecraft:lectern":2,"twigs:petrified_lichen":1,"minecraft:stone_slab":1,"minecraft:copper_ore":28,"minerally:gold_pile_0":4,"minecraft:deepslate_coal_ore":1,"minecraft:deepslate_gold_ore":25,"minecraft:lapis_ore":10,"mythicmetals:deepslate_runite_ore":5,"minecraft:gray_bed":6,"minecraft:coal_ore":63,"minecraft:ochre_froglight":12,"minerally:lapis_pile_0":2,"minecraft:gravel":37,"minecraft:dripstone_block":3,"minecraft:lodestone":2,"minecraft:cobweb":44,"minecraft:chipped_anvil":1,"minecraft:gold_ore":1,"mythicmetals:banglum_ore":2,"minerally:deepslate_lapis_pile_1":2},"minecraft:used":{"minecraft:shield":49,"minecraft:iron_sword":80,"minecraft:iron_chestplate":1,"minecraft:tuff":1,"minecraft:lava_bucket":4,"minecraft:green_wool":5,"minecraft:stripped_mangrove_log":1,"minecraft:bow":25,"minecraft:sweet_berries":3,"minecraft:furnace":36,"minecraft:gray_bed":5,"minecraft:dark_oak_sapling":4,"minecraft:damaged_anvil":1,"minecraft:stone_pickaxe":67,"minecraft:oak_planks":2,"spell_engine:spell_binding":1,"minecraft:dripstone_block":3,"minecraft:bread":104,"goodending:spicy_wildflowers":1,"minecraft:gravel":6,"minecraft:wooden_sword":21,"mythicmetals:quadrillum_sword":305,"minecraft:cobweb":21,"mythicmetals:silver_helmet":1,"minecraft:stone_sword":72,"minecraft:flint_and_steel":1,"minecraft:spruce_planks":1,"minecraft:torch":53,"minecraft:wooden_axe":2,"minecraft:bookshelf":26,"minecraft:iron_axe":54,"minecraft:iron_boots":1,"duckling:duck_egg":3,"minecraft:trapped_chest":1,"minecraft:cobbled_deepslate":199,"minecraft:iron_leggings":1,"minecraft:pointed_dripstone":3,"minecraft:water_bucket":5,"mythicmetals:quadrillum_pickaxe":322,"minecraft:lodestone":2,"minecraft:baked_potato":1,"minecraft:mossy_cobblestone":3,"minecraft:red_bed":1,"minecraft:crafting_table":19,"minecraft:smoker":1,"minecraft:diamond_pickaxe":501,"strangeberries:haste_berries":2,"minecraft:iron_pickaxe":456,"minecraft:stone_slab":1,"minecraft:stone_axe":39,"minecraft:cobblestone":372,"minecraft:bucket":11,"twigs:pebble":2},"minecraft:dropped":{"minecraft:moss_block":1,"mythicmetals:raw_tin":2,"minecraft:baked_potato":8,"minecraft:dark_oak_sapling":9,"majruszsdifficulty:tattered_helmet":1,"minecraft:saddle":1,"minecraft:mangrove_stairs":2,"minecraft:chain":2,"minecraft:wooden_sword":1,"minecraft:sugar":2,"minecraft:iron_pickaxe":1,"minecraft:dark_oak_planks":22,"minecraft:music_disc_stal":2,"minecraft:white_wool":1,"twigs:twig":16,"minecraft:green_wool":2,"minecraft:gravel":27,"minecraft:dark_oak_door":1,"minecraft:stone_axe":1,"bountiful:bounty":1,"minecraft:cobbled_deepslate":24,"minecraft:wheat":7,"minecraft:pointed_dripstone":2,"minecraft:rotten_flesh":90,"minecraft:oak_planks":2,"minecraft:poppy":3,"minecraft:rabbit_hide":15,"minecraft:leather_chestplate":1,"minecraft:gunpowder":1,"minecraft:beetroot_seeds":2,"minecraft:leather_boots":4,"minecraft:written_book":7,"minecraft:enchanted_book":4,"minecraft:wheat_seeds":8,"minecraft:dripstone_block":3,"minecraft:cobbled_deepslate_wall":1,"minecraft:cobblestone":1,"minecraft:chainmail_helmet":2,"minecraft:leather_horse_armor":2,"minecraft:wooden_axe":1,"minecraft:iron_axe":1,"minecraft:chainmail_leggings":1,"minecraft:paper":2,"minecraft:trapped_chest":1,"minecraft:spruce_sapling":13,"twigs:rhyolite":6,"minecraft:furnace":1,"twigs:petrified_lichen":1,"minecraft:stone_sword":1,"minecraft:raw_copper":31,"minecraft:tuff":12,"mythicmetals:silver_helmet":1,"minecraft:iron_boots":2,"minecraft:deepslate_bricks":1,"minecraft:iron_chestplate":1,"minecraft:andesite":1,"minecraft:stone_pickaxe":1,"artifacts:snowshoes":1},"minecraft:picked_up":{"minecraft:iron_chestplate":1,"minecraft:wheat":2,"minecraft:anvil":4,"minecraft:smithing_table":2,"minecraft:stone_slab":1,"minecraft:enchanted_book":10,"mythicmetals:raw_kyber":3,"minecraft:brewing_stand":2,"minecraft:string":46,"minecraft:raw_copper":137,"minecraft:cobbled_deepslate":290,"twigs:pebble":17,"mythicmetals:raw_osmium":2,"minecraft:written_book":7,"minecraft:furnace":29,"minecraft:iron_boots":1,"minecraft:dark_oak_door":1,"mythicmetals:raw_carmot":1,"minecraft:torch":35,"minecraft:pointed_dripstone":26,"mythicmetals:morkite":76,"minecraft:mangrove_stairs":2,"minecraft:rotten_flesh":77,"mythicmetals:raw_manganese":26,"minecraft:green_wool":7,"minecraft:cobblestone":421,"minecraft:andesite":1,"minecraft:potato":1,"minecraft:flint":4,"minecraft:tuff":13,"mythicmetals:raw_platinum":31,"minecraft:lapis_lazuli":115,"minecraft:lantern":7,"minecraft:leather_boots":1,"minecraft:bone":25,"minecraft:chipped_anvil":1,"minecraft:stonecutter":1,"minecraft:bow":2,"minecraft:cobbled_deepslate_wall":1,"minecraft:wheat_seeds":4,"minecraft:raw_gold":42,"minecraft:grindstone":1,"minecraft:moss_block":1,"twigs:twig":16,"mythicmetals:raw_silver":49,"minecraft:oak_planks":4,"duckling:duck_egg":3,"goodending:spicy_wildflowers":1,"mythicmetals:raw_quadrillum":18,"minecraft:dark_oak_log":19,"minecraft:trapped_chest":2,"minecraft:barrel":1,"minecraft:diamond":43,"minecraft:emerald":17,"twigs:rhyolite":6,"minecraft:charcoal":2,"minecraft:crafting_table":18,"twigs:petrified_lichen":1,"minecraft:splash_potion":3,"minecraft:chain":8,"minecraft:stripped_mangrove_log":1,"minecraft:red_bed":1,"mythicmetals:raw_adamantite":5,"mythicmobs:chupacabra_raw_meat":1,"minecraft:poppy":3,"minecraft:lectern":2,"mythicmetals:raw_mythril":8,"minecraft:chest":11,"minecraft:dark_oak_sapling":13,"mythicmetals:raw_orichalcum":4,"strangeberries:invisibility_berries":17,"minecraft:raw_iron":157,"mythicmetals:raw_tin":7,"minecraft:redstone":126,"minecraft:dark_oak_planks":2,"mythicmetals:raw_runite":8,"minecraft:arrow":27,"minecraft:deepslate_bricks":1,"minecraft:white_wool":12,"minecraft:glow_ink_sac":3,"mythicmetals:raw_banglum":3,"majruszsdifficulty:tattered_helmet":1,"minecraft:ochre_froglight":12,"minecraft:gunpowder":1,"bountiful:bounty":1,"minecraft:apple":2,"minecraft:rabbit_hide":10,"minecraft:iron_ingot":9,"artifacts:steadfast_spikes":1,"minecraft:gray_bed":6,"minecraft:book":165,"minecraft:sweet_berries":21,"minecraft:dripstone_block":6,"minecraft:gravel":33,"minecraft:spruce_sapling":13,"minecraft:spruce_log":21,"minecraft:spider_eye":1,"strangeberries:resistance_berries":13,"minecraft:lodestone":2,"minecraft:damaged_anvil":2,"mythicmetals:carmot_stone":1,"minecraft:coal":265,"strangeberries:haste_berries":6},"minecraft:crafted":{"mythicmetals:platinum_ingot":31,"usefulbackpacks:backpack_small":1,"mythicmetals:quadrillum_sword":2,"minecraft:iron_boots":1,"minecraft:smoker":1,"mythicmetals:osmium_ingot":2,"minecraft:crafting_table":1,"minecraft:spruce_planks":132,"minecraft:baked_potato":38,"minecraft:iron_helmet":1,"minecraft:copper_ingot":77,"mythicmetals:kyber_ingot":3,"minecraft:iron_chestplate":1,"minecraft:shield":1,"minecraft:stick":20,"usefulbackpacks:backpack_large":1,"minecraft:iron_ingot":139,"minecraft:iron_pickaxe":1,"minecraft:stone_sword":1,"minecraft:gold_ingot":53,"mythicmetals:manganese_ingot":26,"mythicmetals:quadrillum_ingot":18,"minecraft:furnace":9,"minecraft:flint_and_steel":1,"minecraft:iron_axe":1,"minecraft:stone_pickaxe":1,"minecraft:diamond_boots":1,"usefulbackpacks:backpack_medium":1,"minecraft:dark_oak_planks":76,"mythicmetals:silver_helmet":1,"mythicmetals:carmot_ingot":1,"minecraft:iron_sword":1,"mythicmetals:silver_ingot":49,"minecraft:bucket":2,"minecraft:stone_axe":1,"minecraft:air":0,"mythicmetals:banglum_ingot":3,"minecraft:wooden_axe":1,"minecraft:iron_leggings":1,"minecraft:torch":16,"mythicmetals:quadrillum_pickaxe":1},"minecraft:killed":{"minecraft:witch":2,"minecraft:spider":14,"minecraft:skeleton":48,"artifacts:mimic":2,"minecraft:iron_golem":4,"minecraft:creeper":2,"minecraft:zombie":86,"minecraft:husk":10,"majruszsdifficulty:cursed_armor":4,"mythicmobs:drake":2}},"DataVersion":3465}