{"stats":{"minecraft:crafted":{"mythicmetals:platinum_ingot":31,"usefulbackpacks:backpack_small":1,"runes:arcane_stone":128,"mythicmetals:quadrillum_sword":2,"minecraft:diamond_helmet":1,"minecraft:diamond_leggings":1,"minecraft:iron_boots":1,"minecraft:smoker":1,"mythicmetals:osmium_ingot":2,"minecraft:crafting_table":2,"minecraft:spruce_planks":132,"minecraft:iron_helmet":3,"minecraft:baked_potato":38,"minecraft:clock":1,"minecraft:copper_ingot":77,"minecraft:gold_block":1,"mythicmetals:kyber_ingot":3,"minecraft:iron_chestplate":3,"minecraft:diamond_pickaxe":1,"minecraft:shield":3,"mythicmetals:adamantite_sword":1,"minecraft:stick":28,"usefulbackpacks:backpack_large":1,"minecraft:iron_ingot":162,"minecraft:iron_pickaxe":1,"minecraft:stone_sword":1,"minecraft:gold_ingot":53,"mythicmetals:manganese_ingot":26,"mythicmetals:quadrillum_ingot":18,"minecraft:furnace":9,"minecraft:flint_and_steel":1,"mythicmetals:adamantite_ingot":7,"minecraft:iron_axe":1,"minecraft:stone_pickaxe":1,"minecraft:diamond_boots":1,"usefulbackpacks:backpack_medium":1,"minecraft:dark_oak_planks":76,"mythicmetals:silver_helmet":1,"minecraft:diamond_sword":1,"mythicmetals:carmot_ingot":1,"minecraft:iron_sword":1,"mythicmetals:silver_ingot":49,"minecraft:bucket":2,"minecraft:stone_axe":1,"minecraft:air":0,"mythicmetals:banglum_ingot":3,"minecraft:wooden_axe":1,"minecraft:iron_leggings":3,"minecraft:torch":40,"mythicmetals:quadrillum_pickaxe":1,"minecraft:diamond_chestplate":1},"minecraft:broken":{"mythicmetals:quadrillum_pickaxe":1,"mythicmetals:quadrillum_sword":1,"minecraft:shield":1,"minecraft:iron_pickaxe":1},"minecraft:used":{"minecraft:moss_carpet":1,"minecraft:shield":60,"minecraft:iron_sword":80,"mythicmetals:adamantite_sword":348,"minecraft:iron_chestplate":1,"minecraft:allium":3,"minecraft:tuff":1,"minecraft:lava_bucket":8,"minecraft:grass_block":20,"minecraft:green_wool":5,"minecraft:item_frame":2,"minecraft:stripped_mangrove_log":1,"minecraft:bow":32,"minecraft:sweet_berries":22,"minecraft:furnace":36,"minecraft:gray_bed":9,"minecraft:dark_oak_sapling":4,"minecraft:damaged_anvil":2,"minecraft:stone_pickaxe":67,"minecraft:oak_planks":2,"minecraft:ender_pearl":3,"spell_engine:spell_binding":2,"minecraft:dripstone_block":3,"minecraft:bread":104,"minecraft:string":1,"minecraft:lectern":2,"goodending:spicy_wildflowers":1,"minecraft:gravel":6,"minecraft:wooden_sword":21,"minecraft:grindstone":2,"minecraft:smithing_table":4,"mythicmetals:quadrillum_sword":468,"minecraft:cobweb":31,"mythicmetals:silver_helmet":1,"minecraft:stone_sword":72,"minecraft:flint_and_steel":1,"minecraft:spruce_planks":1,"minecraft:torch":101,"minecraft:dirt":21,"minecraft:anvil":4,"minecraft:spruce_fence":1,"minecraft:wooden_axe":2,"minecraft:chipped_anvil":3,"minecraft:bookshelf":48,"minecraft:iron_axe":95,"minecraft:iron_boots":1,"duckling:duck_egg":3,"minecraft:trapped_chest":1,"minecraft:cooked_beef":50,"minecraft:cobbled_deepslate":318,"minecraft:iron_leggings":1,"minecraft:pointed_dripstone":6,"minecraft:water_bucket":42,"mythicmetals:quadrillum_pickaxe":322,"minecraft:lodestone":2,"minecraft:baked_potato":30,"minecraft:stonecutter":1,"minecraft:mossy_cobblestone":3,"minecraft:red_bed":1,"minecraft:crafting_table":21,"minecraft:smoker":1,"minecraft:diamond_pickaxe":1373,"strangeberries:haste_berries":2,"minecraft:diamond_shovel":13,"minecraft:iron_pickaxe":456,"minecraft:stone_slab":1,"minecraft:stone_axe":39,"minecraft:cobblestone":462,"minecraft:bucket":51,"twigs:pebble":2},"minecraft:mined":{"minecraft:dark_oak_planks":3,"minerally:deepslate_emerald_crystal_0":13,"minerally:deepslate_gold_pile_0":4,"minerally:deepslate_gold_pile_1":3,"minerally:deepslate_emerald_crystal_1":13,"minerally:deepslate_diamond_crystal_0":6,"minecraft:brewing_stand":3,"mythicmetals:deepslate_morkite_ore":21,"minecraft:obsidian":14,"mythicmetals:deepslate_adamantite_ore":10,"minerally:coal_pile_0":1,"minecraft:deepslate_bricks":1,"minecraft:spawner":3,"mythicmetals:deepslate_orichalcum_ore":12,"minecraft:magma_block":4,"minecraft:iron_ore":125,"minecraft:cobbled_deepslate":109,"minecraft:fire":10,"minecraft:moss_carpet":1,"minecraft:anvil":9,"minecraft:deepslate_lapis_ore":17,"minecraft:dark_oak_stairs":2,"minecraft:pointed_dripstone":19,"minecraft:cave_vines":1,"minerally:coal_pile_1":1,"minerally:deepslate_diamond_crystal_1":5,"minerally:emerald_crystal_0":1,"minecraft:tripwire":1,"minerally:deepslate_redstone_pile_0":4,"minecraft:deepslate_redstone_ore":60,"lootr:lootr_chest":22,"minerally:deepslate_redstone_pile":4,"minecraft:red_bed":1,"minecraft:smoker":1,"minerally:iron_pile":2,"minecraft:torch":21,"mythicmetals:deepslate_carmot_ore":4,"minerally:deepslate_emerald_crystal":13,"minecraft:cobblestone":176,"minerally:iron_pile_0":1,"minerally:lapis_pile":3,"minecraft:grindstone":4,"minecraft:oak_planks":2,"minecraft:damaged_anvil":4,"minecraft:wall_torch":22,"minecraft:chain":8,"minerally:deepslate_geode":6,"minecraft:dark_oak_slab":1,"mythicmetals:manganese_ore":27,"minecraft:grass":1,"minecraft:sand":7,"minecraft:dirt":20,"mythicmetals:morkite_ore":7,"twigs:rhyolite":18,"minerally:gold_pile":4,"minecraft:stonecutter":3,"minecraft:oak_leaves":2,"minecraft:deepslate":319,"minecraft:tuff":9,"minecraft:mossy_cobblestone":1,"minecraft:stripped_mangrove_log":1,"minecraft:deepslate_diamond_ore":63,"strangeberries:haste_berry_bush":1,"mythicmetals:osmium_ore":2,"minecraft:glow_lichen":1,"minecraft:chiseled_bookshelf":11,"mythicmetals:silver_ore":31,"minecraft:spruce_fence":1,"minerally:deepslate_iron_pile_1":3,"minerally:lapis_pile_1":2,"minerally:emerald_crystal":1,"minecraft:moss_block":1,"minerally:deepslate_lapis_pile_0":5,"minerally:deepslate_lapis_pile":5,"minecraft:redstone_ore":8,"minerally:deepslate_diamond_crystal":6,"minecraft:spruce_sapling":1,"mythicmetals:quadrillum_ore":13,"minecraft:furnace":37,"mythicmetals:kyber_ore":2,"minerally:copper_pile":1,"minecraft:andesite":1,"mythicmetals:tin_ore":8,"mythicmetals:deepslate_mythril_ore":12,"minerally:deepslate_iron_pile":3,"minerally:deepslate_iron_pile_0":3,"minecraft:bookshelf":43,"mythicmetals:carmot_ore":1,"minecraft:deepslate_iron_ore":84,"minerally:deepslate_gold_pile":4,"minecraft:lantern":2,"minerally:copper_pile_0":1,"goodending:spicy_wildflowers":1,"minecraft:stone":427,"minecraft:white_wool":106,"minecraft:green_wool":5,"minecraft:smithing_table":6,"minerally:coal_pile":1,"mythicmetals:platinum_ore":28,"twigs:pebble":2,"minecraft:mangrove_stairs":2,"minerally:gold_pile_1":3,"lootr:lootr_barrel":13,"minerally:deepslate_redstone_pile_1":4,"minecraft:crafting_table":21,"minecraft:cobbled_deepslate_wall":1,"minerally:emerald_crystal_1":1,"minecraft:lectern":4,"twigs:petrified_lichen":3,"minecraft:stone_slab":1,"minecraft:copper_ore":29,"minerally:gold_pile_0":4,"minecraft:deepslate_coal_ore":1,"minecraft:lapis_ore":15,"minecraft:deepslate_gold_ore":54,"mythicmetals:deepslate_runite_ore":18,"minecraft:coarse_dirt":1,"minecraft:gray_bed":11,"minecraft:coal_ore":169,"minecraft:ochre_froglight":12,"minerally:lapis_pile_0":3,"minecraft:gravel":58,"minecraft:dripstone_block":4,"minecraft:lodestone":2,"minecraft:cobweb":223,"minecraft:chipped_anvil":3,"minecraft:gold_ore":1,"mythicmetals:banglum_ore":11,"minerally:deepslate_lapis_pile_1":5},"minecraft:custom":{"lootr:looted_stat":102,"minecraft:interact_with_crafting_table":88,"minecraft:leave_game":20,"minecraft:time_since_death":3883,"minecraft:damage_resisted":6,"minecraft:sprint_one_cm":1817146,"minecraft:damage_blocked_by_shield":4775,"minecraft:drop":238,"minecraft:talked_to_villager":1,"minecraft:play_time":487307,"minecraft:deaths":9,"minecraft:jump":4193,"minecraft:walk_on_water_one_cm":17962,"minecraft:interact_with_furnace":280,"minecraft:interact_with_cartography_table":1,"minecraft:sleep_in_bed":7,"minecraft:damage_dealt":42735,"minecraft:crouch_one_cm":55801,"minecraft:interact_with_smoker":6,"minecraft:interact_with_smithing_table":8,"minecraft:inspect_dropper":1,"minecraft:interact_with_anvil":15,"minecraft:mob_kills":201,"minecraft:damage_dealt_resisted":38,"minecraft:climb_one_cm":5169,"minecraft:walk_one_cm":892586,"minecraft:sneak_time":20566,"minecraft:walk_under_water_one_cm":5698,"minecraft:interact_with_blast_furnace":4,"minecraft:total_world_time":487307,"minecraft:time_since_rest":3917,"minecraft:damage_taken":11934,"minecraft:trigger_trapped_chest":1,"minecraft:swim_one_cm":27520,"minecraft:fly_one_cm":982441,"minecraft:open_chest":164,"minecraft:fall_one_cm":112258},"minecraft:killed_by":{"minecraft:creeper":1,"mythicmobs:chupacabra":3,"minecraft:zombie":1,"minecraft:iron_golem":1,"minecraft:skeleton":1},"minecraft:picked_up":{"minecraft:iron_chestplate":1,"minecraft:wheat":2,"minecraft:anvil":9,"minecraft:smithing_table":6,"minecraft:stone_slab":1,"minecraft:enchanted_book":10,"mythicmetals:raw_kyber":3,"minecraft:brewing_stand":4,"minecraft:music_disc_cat":1,"minecraft:string":249,"minecraft:raw_copper":155,"minecraft:cobbled_deepslate":485,"twigs:pebble":38,"minecraft:spruce_planks":2,"mythicmetals:raw_osmium":2,"minecraft:written_book":7,"minecraft:furnace":39,"minecraft:iron_boots":1,"minecraft:dark_oak_door":1,"mythicmetals:raw_carmot":4,"minecraft:deepslate_brick_wall":2,"minecraft:torch":57,"minecraft:porkchop":2,"minecraft:pointed_dripstone":29,"mythicmetals:morkite":76,"minecraft:command_block":1,"minecraft:mangrove_stairs":2,"minecraft:rotten_flesh":116,"mythicmetals:raw_manganese":43,"farmersdelight:onion":1,"minecraft:green_wool":7,"minecraft:blaze_rod":6,"minecraft:obsidian":14,"minecraft:cobblestone":626,"minecraft:magma_block":4,"minecraft:feather":2,"minecraft:cooked_beef":7,"minecraft:andesite":1,"minecraft:smoker":1,"minecraft:potato":1,"minecraft:flint":7,"minecraft:tuff":14,"minecraft:magenta_bed":1,"minecraft:lantern":7,"mythicmetals:raw_platinum":43,"minecraft:lapis_lazuli":239,"minecraft:dirt":22,"minecraft:leather_boots":1,"minecraft:bone":51,"minecraft:chipped_anvil":3,"minecraft:stonecutter":3,"minecraft:bow":3,"minecraft:wheat_seeds":4,"minecraft:cobbled_deepslate_wall":1,"minecraft:raw_gold":82,"minecraft:grindstone":4,"minecraft:moss_block":1,"twigs:twig":16,"mythicmetals:raw_silver":49,"minecraft:oak_planks":4,"duckling:duck_egg":4,"minecraft:cooked_porkchop":4,"goodending:spicy_wildflowers":1,"minecraft:sand":7,"mythicmetals:raw_quadrillum":20,"minecraft:trapped_chest":2,"minecraft:dark_oak_log":19,"minecraft:barrel":14,"minecraft:mossy_cobblestone":1,"artifacts:plastic_drinking_hat":1,"minecraft:diamond":169,"minecraft:emerald":97,"twigs:rhyolite":39,"minecraft:charcoal":6,"minecraft:coarse_dirt":1,"minecraft:crafting_table":21,"minecraft:allium":3,"twigs:petrified_lichen":6,"minecraft:splash_potion":3,"minecraft:ladder":2,"minecraft:chain":8,"minecraft:stripped_mangrove_log":1,"minecraft:red_bed":1,"minecraft:moss_carpet":1,"mythicmetals:raw_adamantite":10,"mythicmobs:chupacabra_raw_meat":2,"minecraft:candle":1,"minecraft:poppy":3,"minecraft:lectern":4,"mythicmetals:raw_mythril":12,"minecraft:chest":23,"duckling:raw_duck":1,"mythicmetals:raw_orichalcum":12,"strangeberries:invisibility_berries":31,"minecraft:dark_oak_sapling":13,"minecraft:raw_iron":225,"minecraft:spruce_fence":1,"mythicmetals:raw_tin":12,"minecraft:redstone":318,"minecraft:dark_oak_planks":2,"mythicmetals:raw_runite":24,"minecraft:arrow":51,"minecraft:deepslate_bricks":1,"wizards:staff_wizard":1,"minecraft:white_wool":106,"minecraft:clock":3,"minecraft:glow_ink_sac":3,"mythicmetals:raw_banglum":14,"minecraft:leather":5,"minecraft:ochre_froglight":12,"minecraft:golden_boots":1,"minecraft:gunpowder":11,"minecraft:cooked_mutton":1,"bountiful:bounty":1,"minecraft:apple":2,"minecraft:rabbit_hide":10,"minecraft:iron_ingot":9,"artifacts:steadfast_spikes":1,"basicweapons:iron_dagger":1,"minecraft:gray_bed":11,"minecraft:book":180,"minecraft:dark_oak_slab":1,"minecraft:sweet_berries":21,"minecraft:dripstone_block":8,"minecraft:gravel":70,"minecraft:spruce_sapling":13,"minecraft:spruce_log":21,"minecraft:spider_eye":11,"minecraft:leather_helmet":1,"strangeberries:resistance_berries":13,"minecraft:lodestone":2,"minecraft:damaged_anvil":4,"mythicmetals:carmot_stone":1,"minecraft:coal":435,"strangeberries:haste_berries":6,"minecraft:ender_pearl":5},"minecraft:dropped":{"minecraft:candle":1,"minecraft:moss_block":1,"minecraft:porkchop":2,"mythicmetals:raw_tin":2,"minecraft:baked_potato":8,"minecraft:ender_pearl":1,"minecraft:diamond":80,"minecraft:dark_oak_sapling":9,"minecraft:cooked_porkchop":4,"minecraft:dark_oak_slab":1,"minecraft:lantern":10,"minecraft:leather":7,"minecraft:saddle":1,"minecraft:leather_helmet":1,"minecraft:flint":3,"minecraft:music_disc_13":1,"minecraft:emerald":50,"twigs:pebble":21,"minecraft:dirt":1,"mythicmobs:chupacabra_raw_meat":1,"minecraft:mangrove_stairs":2,"minecraft:chain":2,"farmersdelight:onion":1,"minecraft:wooden_sword":1,"minecraft:sugar":2,"minecraft:iron_pickaxe":2,"minecraft:dark_oak_planks":22,"minecraft:music_disc_stal":2,"minecraft:white_wool":2,"twigs:twig":16,"minecraft:bone":3,"minecraft:green_wool":2,"minecraft:gravel":57,"minecraft:dark_oak_door":1,"duckling:raw_duck":1,"minecraft:stone_axe":1,"bountiful:bounty":1,"minecraft:cobbled_deepslate":99,"minecraft:wheat":7,"minecraft:pointed_dripstone":2,"strangeberries:haste_berries":4,"minecraft:rotten_flesh":134,"minecraft:oak_planks":2,"basicweapons:iron_dagger":2,"minecraft:cooked_mutton":1,"minecraft:poppy":3,"minecraft:rabbit_hide":15,"minecraft:leather_chestplate":1,"minecraft:gunpowder":1,"minecraft:charcoal":2,"minecraft:ochre_froglight":12,"minecraft:beetroot_seeds":2,"minecraft:chest":16,"minecraft:leather_boots":4,"minecraft:ladder":2,"minecraft:arrow":4,"minecraft:written_book":7,"minecraft:enchanted_book":5,"minecraft:golden_boots":1,"minecraft:wheat_seeds":8,"minecraft:clock":2,"minecraft:mossy_cobblestone":1,"minecraft:deepslate_brick_wall":2,"minecraft:dripstone_block":5,"minecraft:cobbled_deepslate_wall":1,"minecraft:cobblestone":1,"minecraft:iron_helmet":1,"minecraft:feather":2,"minecraft:command_block":1,"minecraft:chainmail_helmet":2,"minecraft:magenta_bed":1,"minecraft:brewing_stand":2,"minecraft:leather_horse_armor":2,"minecraft:wooden_axe":1,"minecraft:iron_leggings":1,"minecraft:iron_axe":1,"minecraft:chainmail_leggings":1,"minecraft:paper":2,"minecraft:string":1,"minecraft:trapped_chest":1,"duckling:duck_egg":1,"minecraft:music_disc_cat":2,"minecraft:spruce_sapling":13,"twigs:rhyolite":39,"minecraft:furnace":1,"twigs:petrified_lichen":6,"minecraft:blaze_rod":7,"minecraft:coarse_dirt":1,"minecraft:stone_sword":1,"minecraft:raw_copper":61,"minecraft:tuff":13,"mythicmetals:silver_helmet":1,"minecraft:iron_boots":2,"minecraft:deepslate_bricks":1,"minecraft:spruce_planks":2,"minecraft:iron_chestplate":2,"minecraft:andesite":1,"minecraft:barrel":2,"minecraft:bow":1,"minecraft:stone_pickaxe":1,"artifacts:snowshoes":1},"minecraft:killed":{"minecraft:cave_spider":16,"minecraft:witch":2,"minecraft:spider":58,"minecraft:skeleton":90,"artifacts:mimic":2,"minecraft:pig":10,"minecraft:iron_golem":4,"minecraft:creeper":28,"minecraft:sheep":2,"minecraft:zombie":146,"minecraft:cow":4,"mythicmobs:kobold":2,"minecraft:husk":10,"minecraft:bat":2,"mythicmobs:drake":2}},"DataVersion":3465}