{"stats":{"minecraft:broken":{"mythicmetals:quadrillum_pickaxe":1,"minecraft:iron_pickaxe":1},"minecraft:custom":{"lootr:looted_stat":71,"minecraft:interact_with_crafting_table":53,"minecraft:leave_game":8,"minecraft:time_since_death":130075,"minecraft:damage_resisted":6,"minecraft:sprint_one_cm":436068,"minecraft:damage_blocked_by_shield":1755,"minecraft:drop":100,"minecraft:talked_to_villager":1,"minecraft:play_time":247687,"minecraft:deaths":6,"minecraft:jump":2379,"minecraft:walk_on_water_one_cm":4214,"minecraft:interact_with_furnace":201,"minecraft:interact_with_cartography_table":1,"minecraft:sleep_in_bed":2,"minecraft:damage_dealt":14898,"minecraft:crouch_one_cm":30905,"minecraft:interact_with_smithing_table":2,"minecraft:inspect_dropper":1,"minecraft:mob_kills":52,"minecraft:interact_with_anvil":1,"minecraft:climb_one_cm":5169,"minecraft:walk_one_cm":419704,"minecraft:sneak_time":12033,"minecraft:walk_under_water_one_cm":1696,"minecraft:total_world_time":247687,"minecraft:time_since_rest":130199,"minecraft:damage_taken":6274,"minecraft:trigger_trapped_chest":1,"minecraft:swim_one_cm":4814,"minecraft:fly_one_cm":497940,"minecraft:open_chest":4,"minecraft:fall_one_cm":62787},"minecraft:killed_by":{"mythicmobs:chupacabra":3,"minecraft:zombie":1,"minecraft:iron_golem":1},"minecraft:mined":{"minecraft:dark_oak_planks":1,"minerally:deepslate_gold_pile_0":1,"minerally:deepslate_emerald_crystal_0":2,"minerally:deepslate_gold_pile_1":1,"minerally:deepslate_emerald_crystal_1":2,"mythicmetals:deepslate_morkite_ore":11,"minecraft:brewing_stand":2,"minerally:coal_pile_0":1,"minecraft:deepslate_bricks":1,"minecraft:spawner":1,"minecraft:iron_ore":95,"minecraft:fire":2,"minecraft:cobbled_deepslate":38,"minecraft:anvil":4,"minecraft:deepslate_lapis_ore":5,"minecraft:dark_oak_stairs":2,"minecraft:pointed_dripstone":16,"minecraft:cave_vines":1,"minerally:coal_pile_1":1,"minerally:deepslate_redstone_pile_0":1,"minecraft:deepslate_redstone_ore":19,"lootr:lootr_chest":7,"minerally:deepslate_redstone_pile":1,"minecraft:red_bed":1,"minerally:iron_pile":2,"minecraft:torch":16,"mythicmetals:deepslate_carmot_ore":2,"minerally:deepslate_emerald_crystal":2,"minecraft:cobblestone":113,"minerally:iron_pile_0":1,"minecraft:grindstone":1,"minerally:lapis_pile":2,"minecraft:oak_planks":2,"minecraft:damaged_anvil":2,"minecraft:wall_torch":12,"minecraft:chain":8,"mythicmetals:manganese_ore":17,"minecraft:grass":1,"mythicmetals:morkite_ore":7,"twigs:rhyolite":4,"minerally:gold_pile":4,"minecraft:stonecutter":1,"minecraft:oak_leaves":1,"minecraft:deepslate":127,"minecraft:tuff":2,"minecraft:deepslate_diamond_ore":19,"minecraft:stripped_mangrove_log":1,"strangeberries:haste_berry_bush":1,"mythicmetals:osmium_ore":2,"minecraft:glow_lichen":1,"minecraft:chiseled_bookshelf":11,"mythicmetals:silver_ore":31,"minerally:lapis_pile_1":1,"minecraft:moss_block":1,"minerally:deepslate_lapis_pile_0":1,"minerally:deepslate_lapis_pile":1,"minecraft:redstone_ore":8,"mythicmetals:quadrillum_ore":12,"minecraft:spruce_sapling":1,"minecraft:furnace":26,"mythicmetals:kyber_ore":2,"minerally:copper_pile":1,"minecraft:andesite":1,"mythicmetals:tin_ore":4,"mythicmetals:deepslate_mythril_ore":8,"minecraft:bookshelf":38,"minecraft:deepslate_iron_ore":44,"minerally:deepslate_gold_pile":1,"minecraft:lantern":2,"minerally:copper_pile_0":1,"goodending:spicy_wildflowers":1,"minecraft:stone":278,"minecraft:white_wool":12,"minecraft:green_wool":5,"minecraft:smithing_table":2,"minerally:coal_pile":1,"mythicmetals:platinum_ore":21,"twigs:pebble":2,"minecraft:mangrove_stairs":2,"lootr:lootr_barrel":1,"minerally:gold_pile_1":3,"minerally:deepslate_redstone_pile_1":1,"minecraft:crafting_table":15,"minecraft:cobbled_deepslate_wall":1,"minecraft:lectern":2,"twigs:petrified_lichen":1,"minecraft:stone_slab":1,"minecraft:copper_ore":28,"minecraft:deepslate_coal_ore":1,"minerally:gold_pile_0":4,"minecraft:lapis_ore":10,"minecraft:deepslate_gold_ore":16,"minecraft:gray_bed":6,"minecraft:coal_ore":63,"minecraft:ochre_froglight":12,"minerally:lapis_pile_0":2,"minecraft:gravel":37,"minecraft:dripstone_block":3,"minecraft:lodestone":2,"minecraft:cobweb":44,"mythicmetals:banglum_ore":2,"minecraft:chipped_anvil":1,"minecraft:gold_ore":1,"minerally:deepslate_lapis_pile_1":1},"minecraft:used":{"minecraft:shield":24,"minecraft:iron_sword":80,"minecraft:iron_chestplate":1,"minecraft:lava_bucket":1,"minecraft:green_wool":5,"minecraft:stripped_mangrove_log":1,"minecraft:sweet_berries":3,"minecraft:furnace":25,"minecraft:gray_bed":5,"minecraft:dark_oak_sapling":4,"minecraft:damaged_anvil":1,"minecraft:stone_pickaxe":67,"minecraft:oak_planks":2,"spell_engine:spell_binding":1,"minecraft:dripstone_block":3,"minecraft:bread":88,"goodending:spicy_wildflowers":1,"minecraft:gravel":6,"minecraft:wooden_sword":21,"mythicmetals:quadrillum_sword":172,"minecraft:cobweb":21,"mythicmetals:silver_helmet":1,"minecraft:stone_sword":72,"minecraft:flint_and_steel":1,"minecraft:spruce_planks":1,"minecraft:torch":40,"minecraft:wooden_axe":2,"minecraft:bookshelf":26,"minecraft:iron_axe":46,"minecraft:iron_boots":1,"duckling:duck_egg":3,"minecraft:trapped_chest":1,"minecraft:cobbled_deepslate":81,"minecraft:iron_leggings":1,"minecraft:pointed_dripstone":3,"minecraft:water_bucket":4,"mythicmetals:quadrillum_pickaxe":322,"minecraft:lodestone":2,"minecraft:mossy_cobblestone":3,"minecraft:crafting_table":15,"minecraft:red_bed":1,"minecraft:diamond_pickaxe":285,"strangeberries:haste_berries":2,"minecraft:iron_pickaxe":456,"minecraft:stone_slab":1,"minecraft:stone_axe":39,"minecraft:cobblestone":372,"minecraft:bucket":7,"twigs:pebble":2},"minecraft:dropped":{"minecraft:moss_block":1,"mythicmetals:raw_tin":2,"minecraft:baked_potato":8,"minecraft:dark_oak_sapling":9,"majruszsdifficulty:tattered_helmet":1,"minecraft:saddle":1,"minecraft:mangrove_stairs":2,"minecraft:chain":2,"minecraft:wooden_sword":1,"minecraft:iron_pickaxe":1,"minecraft:dark_oak_planks":21,"minecraft:music_disc_stal":2,"twigs:twig":16,"minecraft:green_wool":2,"minecraft:gravel":27,"minecraft:stone_axe":1,"bountiful:bounty":1,"minecraft:cobbled_deepslate":22,"minecraft:wheat":2,"minecraft:pointed_dripstone":2,"minecraft:rotten_flesh":38,"minecraft:oak_planks":2,"minecraft:poppy":3,"minecraft:rabbit_hide":15,"minecraft:leather_chestplate":1,"minecraft:gunpowder":1,"minecraft:leather_boots":3,"minecraft:written_book":7,"minecraft:enchanted_book":4,"minecraft:wheat_seeds":4,"minecraft:dripstone_block":3,"minecraft:cobbled_deepslate_wall":1,"minecraft:cobblestone":1,"minecraft:chainmail_helmet":2,"minecraft:leather_horse_armor":2,"minecraft:wooden_axe":1,"minecraft:iron_axe":1,"minecraft:chainmail_leggings":1,"minecraft:paper":2,"minecraft:trapped_chest":1,"minecraft:spruce_sapling":13,"twigs:rhyolite":4,"minecraft:furnace":1,"twigs:petrified_lichen":1,"minecraft:stone_sword":1,"minecraft:raw_copper":31,"minecraft:tuff":3,"mythicmetals:silver_helmet":1,"minecraft:iron_boots":2,"minecraft:deepslate_bricks":1,"minecraft:andesite":1,"minecraft:stone_pickaxe":1,"artifacts:snowshoes":1},"minecraft:picked_up":{"minecraft:wheat":2,"minecraft:anvil":4,"minecraft:smithing_table":2,"minecraft:stone_slab":1,"minecraft:enchanted_book":10,"mythicmetals:raw_kyber":3,"minecraft:brewing_stand":2,"minecraft:string":45,"minecraft:raw_copper":137,"minecraft:cobbled_deepslate":167,"twigs:pebble":17,"mythicmetals:raw_osmium":2,"minecraft:written_book":7,"minecraft:iron_boots":1,"minecraft:furnace":28,"mythicmetals:raw_carmot":1,"minecraft:torch":30,"minecraft:pointed_dripstone":26,"mythicmetals:morkite":53,"minecraft:mangrove_stairs":2,"minecraft:rotten_flesh":31,"mythicmetals:raw_manganese":26,"minecraft:green_wool":7,"minecraft:cobblestone":421,"minecraft:andesite":1,"minecraft:potato":1,"minecraft:flint":4,"minecraft:tuff":3,"mythicmetals:raw_platinum":31,"minecraft:lapis_lazuli":104,"minecraft:lantern":7,"minecraft:leather_boots":1,"minecraft:bone":18,"minecraft:chipped_anvil":1,"minecraft:stonecutter":1,"minecraft:bow":2,"minecraft:cobbled_deepslate_wall":1,"minecraft:wheat_seeds":4,"minecraft:raw_gold":30,"minecraft:grindstone":1,"twigs:twig":16,"minecraft:moss_block":1,"mythicmetals:raw_silver":49,"minecraft:oak_planks":4,"duckling:duck_egg":3,"goodending:spicy_wildflowers":1,"mythicmetals:raw_quadrillum":18,"minecraft:dark_oak_log":19,"minecraft:trapped_chest":2,"minecraft:barrel":1,"minecraft:diamond":19,"minecraft:emerald":6,"twigs:rhyolite":4,"minecraft:charcoal":2,"minecraft:crafting_table":15,"twigs:petrified_lichen":1,"minecraft:splash_potion":3,"minecraft:chain":8,"minecraft:stripped_mangrove_log":1,"minecraft:red_bed":1,"minecraft:poppy":3,"minecraft:lectern":2,"mythicmetals:raw_mythril":8,"minecraft:chest":7,"minecraft:dark_oak_sapling":13,"strangeberries:invisibility_berries":10,"minecraft:raw_iron":143,"mythicmetals:raw_tin":7,"minecraft:redstone":123,"minecraft:dark_oak_planks":1,"minecraft:arrow":20,"minecraft:deepslate_bricks":1,"minecraft:white_wool":12,"mythicmetals:raw_banglum":3,"majruszsdifficulty:tattered_helmet":1,"minecraft:ochre_froglight":12,"minecraft:gunpowder":1,"bountiful:bounty":1,"minecraft:apple":2,"minecraft:rabbit_hide":10,"minecraft:iron_ingot":9,"artifacts:steadfast_spikes":1,"minecraft:gray_bed":6,"minecraft:book":165,"minecraft:sweet_berries":21,"minecraft:dripstone_block":6,"minecraft:gravel":33,"minecraft:spruce_sapling":13,"minecraft:spruce_log":21,"minecraft:spider_eye":1,"strangeberries:resistance_berries":10,"minecraft:lodestone":2,"mythicmetals:carmot_stone":1,"minecraft:damaged_anvil":2,"strangeberries:haste_berries":6,"minecraft:coal":265},"minecraft:crafted":{"mythicmetals:platinum_ingot":24,"usefulbackpacks:backpack_small":1,"mythicmetals:quadrillum_sword":1,"minecraft:iron_boots":1,"mythicmetals:osmium_ingot":2,"minecraft:crafting_table":1,"minecraft:spruce_planks":132,"minecraft:baked_potato":8,"minecraft:iron_helmet":1,"minecraft:copper_ingot":77,"mythicmetals:kyber_ingot":2,"minecraft:iron_chestplate":1,"minecraft:stick":20,"usefulbackpacks:backpack_large":1,"minecraft:iron_ingot":95,"minecraft:iron_pickaxe":1,"minecraft:stone_sword":1,"minecraft:gold_ingot":22,"mythicmetals:manganese_ingot":26,"mythicmetals:quadrillum_ingot":18,"minecraft:furnace":5,"minecraft:flint_and_steel":1,"minecraft:iron_axe":1,"minecraft:stone_pickaxe":1,"minecraft:diamond_boots":1,"usefulbackpacks:backpack_medium":1,"minecraft:dark_oak_planks":76,"mythicmetals:silver_helmet":1,"minecraft:iron_sword":1,"mythicmetals:silver_ingot":49,"minecraft:bucket":2,"minecraft:stone_axe":1,"minecraft:air":0,"mythicmetals:banglum_ingot":3,"minecraft:wooden_axe":1,"minecraft:iron_leggings":1,"minecraft:torch":16,"mythicmetals:quadrillum_pickaxe":1},"minecraft:killed":{"minecraft:witch":2,"minecraft:spider":10,"minecraft:skeleton":38,"artifacts:mimic":2,"minecraft:iron_golem":4,"minecraft:creeper":2,"minecraft:zombie":38,"minecraft:husk":2,"majruszsdifficulty:cursed_armor":4,"mythicmobs:drake":2}},"DataVersion":3465}