{"stats":{"minecraft:picked_up":{"minecraft:dark_oak_sapling":13,"minecraft:wheat":2,"minecraft:crafting_table":3,"minecraft:sweet_berries":18,"minecraft:stone_slab":1,"mythicmetals:raw_tin":1,"minecraft:spruce_sapling":13,"minecraft:spruce_log":21,"minecraft:dark_oak_log":19,"minecraft:raw_copper":13,"minecraft:rotten_flesh":2,"minecraft:apple":2,"minecraft:wheat_seeds":4,"twigs:twig":16,"minecraft:coal":28,"minecraft:furnace":1,"minecraft:cobblestone":32},"minecraft:custom":{"minecraft:time_since_rest":283,"minecraft:interact_with_furnace":15,"minecraft:sprint_one_cm":39470,"lootr:looted_stat":2,"minecraft:damage_taken":1161,"minecraft:walk_one_cm":37601,"minecraft:damage_blocked_by_shield":180,"minecraft:mob_kills":1,"minecraft:drop":13,"minecraft:damage_dealt":1197,"minecraft:interact_with_crafting_table":9,"minecraft:fly_one_cm":33666,"minecraft:crouch_one_cm":2037,"minecraft:deaths":3,"minecraft:play_time":13029,"minecraft:sneak_time":802,"minecraft:jump":187,"minecraft:time_since_death":255,"minecraft:total_world_time":13029,"minecraft:fall_one_cm":3591},"minecraft:killed_by":{"mythicmobs:chupacabra":3},"minecraft:used":{"minecraft:wooden_axe":2,"minecraft:stone_sword":10,"minecraft:bread":2,"minecraft:stone_pickaxe":52,"minecraft:shield":2,"minecraft:stone_slab":1,"minecraft:stone_axe":2,"minecraft:wooden_sword":21,"minecraft:sweet_berries":3,"minecraft:crafting_table":3,"minecraft:furnace":1,"minecraft:dark_oak_sapling":4},"minecraft:mined":{"minecraft:spruce_sapling":1,"minecraft:furnace":1,"mythicmetals:tin_ore":1,"minecraft:crafting_table":3,"minecraft:coal_ore":15,"minecraft:stone_slab":1,"minecraft:copper_ore":5,"minecraft:cobblestone":9,"minecraft:stone":20},"minecraft:crafted":{"minecraft:crafting_table":1,"minecraft:spruce_planks":132,"minecraft:stick":8,"minecraft:stone_pickaxe":1,"minecraft:wooden_axe":1,"minecraft:stone_sword":1,"minecraft:furnace":1,"minecraft:copper_ingot":13,"minecraft:dark_oak_planks":76,"minecraft:stone_axe":1,"minecraft:air":0},"minecraft:killed":{"minecraft:zombie":2},"minecraft:dropped":{"minecraft:wheat_seeds":4,"minecraft:wooden_axe":1,"minecraft:dark_oak_sapling":9,"minecraft:wheat":2,"minecraft:rotten_flesh":2,"minecraft:wooden_sword":1,"twigs:twig":16,"minecraft:spruce_sapling":13}},"DataVersion":3465}