{"stats":{"minecraft:picked_up":{"minecraft:crafting_table":12,"minecraft:wheat":2,"minecraft:anvil":1,"minecraft:smithing_table":1,"minecraft:stone_slab":1,"mythicmetals:raw_kyber":2,"minecraft:string":5,"minecraft:red_bed":1,"minecraft:raw_copper":137,"twigs:pebble":2,"mythicmetals:raw_osmium":2,"minecraft:poppy":3,"minecraft:lectern":2,"minecraft:furnace":16,"minecraft:dark_oak_sapling":13,"minecraft:raw_iron":53,"minecraft:torch":11,"mythicmetals:raw_tin":7,"minecraft:pointed_dripstone":23,"mythicmetals:morkite":22,"minecraft:arrow":8,"minecraft:rotten_flesh":17,"mythicmetals:raw_manganese":26,"minecraft:green_wool":7,"minecraft:white_wool":12,"minecraft:cobblestone":255,"mythicmetals:raw_banglum":3,"minecraft:gunpowder":1,"minecraft:lapis_lazuli":28,"mythicmetals:raw_platinum":15,"minecraft:bone":7,"minecraft:chipped_anvil":1,"bountiful:bounty":1,"minecraft:apple":2,"minecraft:stonecutter":1,"minecraft:wheat_seeds":4,"minecraft:cobbled_deepslate_wall":1,"minecraft:raw_gold":7,"minecraft:grindstone":1,"minecraft:iron_ingot":9,"artifacts:steadfast_spikes":1,"twigs:twig":16,"minecraft:gray_bed":3,"mythicmetals:raw_silver":49,"minecraft:oak_planks":2,"duckling:duck_egg":3,"minecraft:book":69,"minecraft:sweet_berries":21,"goodending:spicy_wildflowers":1,"minecraft:dripstone_block":3,"mythicmetals:raw_quadrillum":4,"minecraft:spruce_sapling":13,"minecraft:spruce_log":21,"minecraft:dark_oak_log":19,"minecraft:barrel":1,"minecraft:emerald":1,"minecraft:damaged_anvil":1,"minecraft:coal":217,"strangeberries:haste_berries":6},"minecraft:custom":{"minecraft:interact_with_smithing_table":1,"lootr:looted_stat":61,"minecraft:inspect_dropper":1,"minecraft:interact_with_anvil":1,"minecraft:mob_kills":23,"minecraft:interact_with_crafting_table":43,"minecraft:leave_game":4,"minecraft:time_since_death":6965,"minecraft:climb_one_cm":5169,"minecraft:sprint_one_cm":252285,"minecraft:walk_one_cm":190575,"minecraft:damage_blocked_by_shield":420,"minecraft:drop":39,"minecraft:talked_to_villager":1,"minecraft:play_time":124577,"minecraft:deaths":6,"minecraft:sneak_time":5364,"minecraft:jump":1454,"minecraft:total_world_time":124577,"minecraft:interact_with_furnace":122,"minecraft:interact_with_cartography_table":1,"minecraft:sleep_in_bed":2,"minecraft:time_since_rest":7089,"minecraft:damage_taken":4355,"minecraft:damage_dealt":8114,"minecraft:fly_one_cm":407897,"minecraft:open_chest":4,"minecraft:crouch_one_cm":9943,"minecraft:fall_one_cm":40121},"minecraft:killed_by":{"minecraft:iron_golem":1,"mythicmobs:chupacabra":3,"minecraft:zombie":1},"minecraft:used":{"mythicmetals:silver_helmet":1,"minecraft:stone_sword":72,"minecraft:flint_and_steel":1,"minecraft:spruce_planks":1,"minecraft:shield":6,"minecraft:iron_sword":80,"minecraft:iron_chestplate":1,"minecraft:torch":12,"minecraft:wooden_axe":2,"minecraft:bookshelf":26,"minecraft:iron_axe":1,"minecraft:green_wool":5,"minecraft:iron_boots":1,"minecraft:sweet_berries":3,"minecraft:furnace":16,"duckling:duck_egg":3,"minecraft:gray_bed":2,"minecraft:iron_leggings":1,"minecraft:pointed_dripstone":2,"minecraft:dark_oak_sapling":4,"minecraft:damaged_anvil":1,"minecraft:stone_pickaxe":67,"minecraft:oak_planks":2,"spell_engine:spell_binding":1,"minecraft:mossy_cobblestone":3,"minecraft:red_bed":1,"minecraft:crafting_table":12,"minecraft:dripstone_block":3,"strangeberries:haste_berries":2,"minecraft:bread":47,"minecraft:iron_pickaxe":443,"minecraft:stone_slab":1,"goodending:spicy_wildflowers":1,"minecraft:stone_axe":39,"minecraft:wooden_sword":21,"minecraft:cobblestone":116,"mythicmetals:quadrillum_sword":3,"twigs:pebble":2,"minecraft:cobweb":9},"minecraft:mined":{"strangeberries:haste_berry_bush":1,"mythicmetals:osmium_ore":2,"mythicmetals:silver_ore":31,"minerally:lapis_pile_1":1,"minecraft:spruce_sapling":1,"mythicmetals:quadrillum_ore":2,"minecraft:furnace":17,"mythicmetals:kyber_ore":1,"minecraft:iron_ore":49,"minerally:copper_pile":1,"mythicmetals:tin_ore":4,"minecraft:anvil":1,"minecraft:bookshelf":23,"minecraft:pointed_dripstone":14,"minerally:copper_pile_0":1,"goodending:spicy_wildflowers":1,"minecraft:stone":167,"minecraft:white_wool":12,"minecraft:green_wool":5,"minecraft:smithing_table":1,"twigs:pebble":2,"mythicmetals:platinum_ore":10,"minerally:gold_pile_1":2,"lootr:lootr_barrel":1,"minecraft:red_bed":1,"minerally:iron_pile":2,"minecraft:crafting_table":12,"minecraft:cobbled_deepslate_wall":1,"minecraft:torch":5,"minecraft:lectern":2,"minecraft:stone_slab":1,"minecraft:copper_ore":28,"minecraft:cobblestone":73,"minerally:gold_pile_0":3,"minerally:iron_pile_0":1,"minerally:lapis_pile":2,"minecraft:lapis_ore":4,"minecraft:grindstone":1,"minecraft:oak_planks":2,"minecraft:damaged_anvil":1,"minecraft:wall_torch":6,"mythicmetals:manganese_ore":17,"minecraft:gray_bed":3,"minecraft:grass":1,"minecraft:coal_ore":48,"minerally:lapis_pile_0":2,"mythicmetals:morkite_ore":7,"minecraft:cobweb":5,"minerally:gold_pile":4,"minecraft:stonecutter":1,"minecraft:chipped_anvil":1,"mythicmetals:banglum_ore":2,"minecraft:oak_leaves":1},"minecraft:killed":{"minecraft:witch":2,"minecraft:spider":2,"minecraft:skeleton":12,"artifacts:mimic":2,"minecraft:iron_golem":4,"mythicmobs:drake":2,"minecraft:zombie":22},"minecraft:crafted":{"mythicmetals:platinum_ingot":2,"mythicmetals:quadrillum_ingot":4,"usefulbackpacks:backpack_small":1,"minecraft:furnace":5,"mythicmetals:quadrillum_sword":1,"minecraft:flint_and_steel":1,"minecraft:iron_boots":1,"minecraft:iron_axe":1,"minecraft:stone_pickaxe":1,"usefulbackpacks:backpack_medium":1,"minecraft:dark_oak_planks":76,"mythicmetals:silver_helmet":1,"mythicmetals:osmium_ingot":2,"minecraft:crafting_table":1,"minecraft:spruce_planks":132,"minecraft:baked_potato":8,"minecraft:iron_helmet":1,"minecraft:iron_sword":1,"minecraft:copper_ingot":77,"mythicmetals:silver_ingot":21,"minecraft:stone_axe":1,"minecraft:air":0,"mythicmetals:kyber_ingot":2,"minecraft:iron_chestplate":1,"mythicmetals:banglum_ingot":3,"minecraft:stick":20,"usefulbackpacks:backpack_large":1,"minecraft:iron_ingot":39,"minecraft:iron_pickaxe":1,"minecraft:wooden_axe":1,"minecraft:stone_sword":1,"minecraft:iron_leggings":1,"minecraft:gold_ingot":7,"mythicmetals:manganese_ingot":23,"minecraft:torch":12},"minecraft:broken":{"minecraft:iron_pickaxe":1},"minecraft:dropped":{"minecraft:wheat_seeds":4,"mythicmetals:raw_tin":2,"minecraft:baked_potato":8,"minecraft:dark_oak_sapling":9,"minecraft:cobbled_deepslate_wall":1,"minecraft:wooden_axe":1,"minecraft:chain":2,"minecraft:wooden_sword":1,"minecraft:paper":2,"minecraft:dark_oak_planks":20,"twigs:twig":16,"minecraft:spruce_sapling":13,"minecraft:green_wool":2,"minecraft:stone_axe":1,"bountiful:bounty":1,"minecraft:stone_sword":1,"minecraft:raw_copper":31,"minecraft:wheat":2,"mythicmetals:silver_helmet":1,"minecraft:rotten_flesh":17,"minecraft:poppy":3,"minecraft:gunpowder":1,"minecraft:leather_boots":1,"minecraft:stone_pickaxe":1,"artifacts:snowshoes":1}},"DataVersion":3465}