{"stats":{"minecraft:picked_up":{"minecraft:crafting_table":4,"minecraft:wheat":2,"minecraft:anvil":1,"mythicmetals:raw_banglum":3,"minecraft:smithing_table":1,"minecraft:stone_slab":1,"minecraft:gunpowder":1,"minecraft:string":5,"minecraft:raw_copper":104,"bountiful:bounty":1,"minecraft:apple":2,"minecraft:stonecutter":1,"minecraft:wheat_seeds":4,"minecraft:raw_gold":3,"twigs:pebble":2,"mythicmetals:raw_osmium":2,"minecraft:grindstone":1,"minecraft:lectern":2,"twigs:twig":16,"minecraft:gray_bed":2,"duckling:duck_egg":2,"minecraft:furnace":2,"minecraft:book":69,"minecraft:dark_oak_sapling":13,"minecraft:raw_iron":4,"minecraft:sweet_berries":21,"goodending:spicy_wildflowers":1,"minecraft:spruce_sapling":13,"mythicmetals:raw_tin":5,"minecraft:spruce_log":21,"minecraft:dark_oak_log":19,"minecraft:rotten_flesh":2,"minecraft:emerald":1,"minecraft:damaged_anvil":1,"minecraft:coal":52,"minecraft:cobblestone":46},"minecraft:custom":{"minecraft:interact_with_smithing_table":1,"lootr:looted_stat":52,"minecraft:interact_with_furnace":26,"minecraft:inspect_dropper":1,"minecraft:mob_kills":3,"minecraft:interact_with_crafting_table":14,"minecraft:interact_with_cartography_table":1,"minecraft:time_since_death":36255,"minecraft:sleep_in_bed":1,"minecraft:climb_one_cm":4875,"minecraft:time_since_rest":3354,"minecraft:sprint_one_cm":162939,"minecraft:damage_taken":1483,"minecraft:walk_one_cm":91448,"minecraft:damage_blocked_by_shield":180,"minecraft:drop":23,"minecraft:damage_dealt":1787,"minecraft:fly_one_cm":171982,"minecraft:open_chest":4,"minecraft:crouch_one_cm":2665,"minecraft:play_time":49029,"minecraft:deaths":3,"minecraft:sneak_time":1175,"minecraft:jump":795,"minecraft:total_world_time":49029,"minecraft:fall_one_cm":16551},"minecraft:killed_by":{"mythicmobs:chupacabra":3},"minecraft:used":{"minecraft:damaged_anvil":1,"minecraft:stone_sword":27,"minecraft:stone_pickaxe":67,"minecraft:spruce_planks":1,"minecraft:shield":2,"spell_engine:spell_binding":1,"minecraft:mossy_cobblestone":3,"minecraft:crafting_table":4,"minecraft:wooden_axe":2,"minecraft:bookshelf":26,"minecraft:bread":15,"minecraft:iron_pickaxe":65,"minecraft:stone_slab":1,"goodending:spicy_wildflowers":1,"minecraft:stone_axe":28,"minecraft:wooden_sword":21,"minecraft:cobblestone":1,"minecraft:sweet_berries":3,"minecraft:gray_bed":1,"minecraft:furnace":2,"duckling:duck_egg":2,"twigs:pebble":2,"minecraft:cobweb":9,"minecraft:dark_oak_sapling":4},"minecraft:mined":{"minecraft:smithing_table":1,"twigs:pebble":2,"minerally:gold_pile_1":1,"mythicmetals:osmium_ore":2,"minecraft:crafting_table":4,"minecraft:lectern":2,"minecraft:stone_slab":1,"minecraft:copper_ore":26,"minecraft:cobblestone":9,"minerally:gold_pile_0":1,"minecraft:grindstone":1,"minecraft:damaged_anvil":1,"minecraft:furnace":2,"minecraft:spruce_sapling":1,"minecraft:iron_ore":4,"minecraft:gray_bed":2,"mythicmetals:tin_ore":3,"minecraft:anvil":1,"minecraft:bookshelf":23,"minecraft:coal_ore":38,"minecraft:cobweb":5,"goodending:spicy_wildflowers":1,"minerally:gold_pile":1,"minecraft:stonecutter":1,"minecraft:stone":34,"mythicmetals:banglum_ore":2},"minecraft:crafted":{"minecraft:crafting_table":1,"minecraft:spruce_planks":132,"minecraft:baked_potato":8,"minecraft:furnace":1,"minecraft:copper_ingot":13,"minecraft:stone_axe":1,"minecraft:air":0,"minecraft:stick":8,"minecraft:iron_ingot":3,"minecraft:iron_pickaxe":1,"minecraft:stone_pickaxe":1,"minecraft:wooden_axe":1,"minecraft:stone_sword":1,"minecraft:dark_oak_planks":76},"minecraft:killed":{"minecraft:witch":2,"mythicmobs:drake":2,"minecraft:zombie":2},"minecraft:dropped":{"bountiful:bounty":1,"minecraft:wheat_seeds":4,"minecraft:baked_potato":8,"minecraft:raw_copper":31,"minecraft:dark_oak_sapling":9,"minecraft:wheat":2,"minecraft:rotten_flesh":2,"minecraft:gunpowder":1,"minecraft:wooden_axe":1,"minecraft:chain":2,"minecraft:wooden_sword":1,"minecraft:stone_pickaxe":1,"minecraft:paper":2,"minecraft:dark_oak_planks":20,"twigs:twig":16,"minecraft:spruce_sapling":13}},"DataVersion":3465}