{"stats":{"minecraft:crafted":{"minecraft:oak_planks":92,"mythicmetals:copper_boots":1,"minecells:putrid_planks":4,"minecraft:bow":1,"minecraft:iron_boots":3,"minecraft:chest":2,"minecraft:arrow":24,"minecraft:crafting_table":4,"minecraft:spruce_planks":1368,"minecraft:wooden_pickaxe":1,"minecraft:iron_helmet":3,"minecraft:spruce_door":3,"minecraft:copper_ingot":9,"minecraft:iron_chestplate":3,"minecraft:stick":308,"minecraft:iron_ingot":16,"minecraft:spruce_fence_gate":2,"minecraft:polished_andesite":84,"minecraft:tripwire_hook":2,"minecraft:furnace":1,"minecraft:bone_meal":6,"minecraft:spruce_fence":81,"minecraft:spruce_stairs":560,"minecraft:iron_axe":2,"minecraft:ladder":54,"minecraft:iron_hoe":2,"minecraft:spruce_slab":12,"minecraft:stone_pickaxe":1,"mythicmetals:copper_helmet":1,"minecraft:crossbow":1,"minecraft:diamond_sword":1,"minecraft:iron_sword":1,"duckling:cooked_duck":15,"minecraft:bucket":1,"minecraft:acacia_stairs":32,"minecraft:stone_axe":1,"minecraft:bread":20,"minecraft:air":0,"minecraft:white_wool":4,"immersive_aircraft:heavy_crossbow":1,"minecraft:iron_shovel":10,"minecraft:iron_leggings":3,"minecraft:white_bed":1,"minecraft:acacia_planks":52},"minecraft:broken":{"minecraft:iron_shovel":9,"minecraft:iron_chestplate":1,"minecraft:iron_leggings":1,"minecraft:iron_sword":1,"minecraft:iron_hoe":1,"minecraft:iron_axe":1,"minecraft:leather_boots":1,"minecraft:iron_helmet":2},"minecraft:dropped":{"minecells:sewer_calamari":9,"minecraft:glass_bottle":2,"minecraft:crafting_table":1,"minecells:frost_blast":1,"wizards:frost_robe_feet":1,"minecells:broken_cage":1,"minecells:vine_rune":1,"minecraft:lantern":1,"minecells:arcane_goo":9,"minecraft:cracked_stone_bricks":1,"minecells:monsters_eye":11,"farmersdelight:rice":3,"twigs:pebble":1,"minecells:infected_flesh":41,"minecraft:large_fern":1,"minecraft:yellow_dye":6,"mythicmetals:copper_helmet":1,"minecraft:wooden_sword":1,"minecraft:iron_pickaxe":4,"minecells:small_prison_brick_stairs":1,"minecraft:white_wool":1,"twigs:twig":34,"minecraft:gold_ingot":5,"minecraft:bone":2,"lootr:trophy":1,"minecraft:stone_axe":1,"minecraft:iron_nugget":13,"mythicmetals:copper_boots":1,"minecraft:wheat":5,"minecraft:rotten_flesh":20,"minecraft:oak_planks":3,"minecraft:tipped_arrow":1,"minecells:small_prison_bricks":4,"minecraft:gunpowder":3,"minecells:balanced_blade":2,"minecraft:arrow":1,"minecells:chain_pile":4,"wizards:staff_arcane":1,"minecraft:purple_carpet":1,"minecraft:enchanted_book":5,"minecraft:bread":1,"minecraft:wheat_seeds":1,"minecells:prison_cobblestone":3,"minecells:transposition_core":1,"minecraft:iron_helmet":1,"minecraft:cobblestone":1,"minecells:greed_shield":1,"minecraft:coal":16,"minecraft:stick":18,"minecells:bloomrock":1,"immersive_aircraft:heavy_crossbow":3,"minecells:putrid_fence":3,"minecells:explosive_bulb":5,"minecraft:iron_leggings":1,"minecells:metal_shards":9,"minecells:molten_chunk":8,"minecells:buzzcutter_fang":11,"minecraft:iron_shovel":1,"minecraft:string":1,"duckling:duck_egg":2,"minecraft:raw_copper":18,"minecraft:bowl":6,"minecraft:clay_ball":6,"minecraft:iron_boots":2,"minecraft:stone_slab":1,"minecells:big_chain":4,"minecraft:potato":4,"minecraft:stone":6,"minecells:putrid_board_block":2,"minecraft:shield":1,"minecraft:flower_pot":1,"wizards:fire_robe_head":2,"minecraft:spruce_planks":22,"minecraft:iron_chestplate":1,"minecraft:andesite":6,"minecraft:mossy_stone_bricks":2,"minecraft:spider_eye":6,"minecells:guts":11,"minecraft:stone_bricks":4,"minecells:health_flask":3,"minecraft:spruce_log":2,"minecraft:bow":1,"minecraft:wooden_pickaxe":1,"minecraft:brick":2},"minecraft:killed":{"minecraft:witch":2,"minecraft:spider":2,"minecells:sweeper":22,"minecraft:skeleton":4,"minecells:concierge":2,"minecells:sewers_tentacle":24,"minecells:leaping_zombie":116,"minecells:protector":10,"minecells:grenadier":22,"minecraft:pig":2,"minecraft:creeper":10,"minecraft:pillager":10,"minecraft:zombie":6,"minecraft:stray":4,"minecells:shieldbearer":48,"minecells:inquisitor":42,"minecraft:evoker":2,"minecraft:vex":4,"minecells:mutated_bat":26,"minecraft:vindicator":2,"minecells:undead_archer":38,"minecraft:horse":4,"mythicmobs:chupacabra":2,"minecells:conjunctivius":2,"minecraft:drowned":2,"minecraft:husk":2,"minecells:runner":18,"duckling:duck":8,"mythicmobs:drake":10,"minecraft:player":18,"minecells:buzzcutter":80},"minecraft:used":{"minecraft:iron_shovel":2345,"minecells:cursed_sword":32,"minecraft:spruce_slab":16,"minecraft:ladder":16,"minecraft:chest":2,"minecraft:axolotl_spawn_egg":1,"minecraft:shield":22,"minecraft:iron_sword":247,"lootr:trophy":1,"minecraft:rotten_flesh":15,"minecraft:iron_chestplate":1,"minecraft:axolotl_bucket":6,"minecraft:stripped_spruce_log":15,"minecraft:iron_helmet":1,"minecraft:bow":5,"minecraft:furnace":2,"minecraft:gray_bed":5,"minecraft:damaged_anvil":1,"minecraft:spruce_door":2,"minecraft:stone_pickaxe":28,"minecraft:oak_planks":85,"minecraft:wooden_pickaxe":3,"minecraft:bread":35,"minecells:bloomrock":10,"minecraft:diamond_sword":589,"minecraft:wooden_sword":46,"minecraft:andesite":2,"minecraft:bone_meal":6,"minecraft:spruce_planks":192,"minecraft:dirt":2228,"minecraft:spruce_stairs":572,"minecraft:spruce_fence":82,"minecraft:iron_hoe":252,"minecraft:iron_axe":58,"minecraft:iron_boots":3,"minecells:guts":60,"duckling:duck_egg":22,"minecraft:cooked_beef":15,"minecraft:iron_leggings":1,"minecraft:wheat_seeds":274,"minecraft:water_bucket":1,"minecells:putrid_planks":4,"minecraft:polished_andesite":37,"minecraft:spruce_fence_gate":2,"minecraft:crafting_table":12,"minecraft:red_bed":5,"minecraft:white_bed":25,"minecells:sewer_calamari":5,"minecraft:apple":4,"minecraft:oxeye_daisy":3,"minecells:insufferable_crypt_doorway":1,"minecells:putrid_fence":1,"minecraft:iron_pickaxe":302,"minecraft:spruce_sapling":15,"minecraft:stone_axe":57,"minecells:infected_flesh":1,"minecraft:cobblestone":21,"minecraft:bucket":7,"minecraft:pumpkin_pie":2},"minecraft:killed_by":{"mythicmobs:drake":1,"minecells:concierge":2,"minecells:mutated_bat":3,"minecells:shieldbearer":3,"minecells:conjunctivius":5,"mythicmobs:chupacabra":2,"minecraft:zombie":1,"minecells:grenadier":5,"minecells:undead_archer":3,"minecraft:player":4,"minecraft:stray":1,"minecells:leaping_zombie":15,"minecraft:enderman":1,"minecells:sewers_tentacle":5,"minecells:runner":10},"minecraft:custom":{"lootr:looted_stat":130,"minecraft:animals_bred":4,"minecraft:interact_with_crafting_table":74,"minecraft:bell_ring":1,"minecraft:leave_game":12,"minecraft:time_since_death":21522,"minecraft:sprint_one_cm":1514082,"minecraft:damage_blocked_by_shield":1340,"minecraft:drop":171,"minecraft:talked_to_villager":2,"minecraft:play_time":383747,"minecraft:deaths":85,"minecraft:jump":7126,"minecraft:walk_on_water_one_cm":37129,"minecraft:interact_with_furnace":19,"minecraft:sleep_in_bed":29,"minecraft:damage_dealt":58595,"minecraft:player_kills":9,"minecraft:crouch_one_cm":45963,"minecraft:mob_kills":269,"minecraft:interact_with_anvil":5,"minecraft:climb_one_cm":27592,"minecraft:walk_one_cm":1780071,"minecraft:damage_dealt_absorbed":80,"minecraft:sneak_time":10908,"minecraft:walk_under_water_one_cm":36681,"minecraft:total_world_time":383747,"minecraft:time_since_rest":22056,"minecraft:damage_taken":169177,"minecraft:swim_one_cm":16225,"minecraft:fly_one_cm":1528277,"minecraft:open_chest":38,"minecraft:fall_one_cm":191976},"minecraft:picked_up":{"minecraft:wheat":63,"wizards:staff_arcane":1,"minecells:small_prison_bricks":4,"minecraft:stone_slab":1,"minecells:buzzcutter_fang":13,"minecraft:string":2,"minecraft:raw_copper":27,"immersive_aircraft:heavy_crossbow":2,"minecraft:gold_nugget":3,"twigs:pebble":20,"minecraft:spruce_planks":37,"minecraft:iron_pickaxe":2,"minecells:molten_chunk":8,"minecells:transposition_core":1,"minecraft:furnace":1,"minecraft:tipped_arrow":2,"minecells:guts":63,"minecraft:acacia_log":13,"minecraft:spruce_stairs":14,"minecells:balanced_blade":2,"minecells:putrid_log":1,"minecells:putrid_fence":4,"minecraft:rotten_flesh":33,"minecells:putrid_board_block":2,"minecells:broken_cage":2,"twigs:tangerine_seashell":2,"minecraft:iron_bars":2,"minecraft:cobblestone":44,"minecraft:feather":28,"minecraft:cooked_beef":32,"minecraft:andesite":112,"minecraft:flint":6,"minecraft:dirt":2393,"minecraft:lantern":2,"lootr:trophy":1,"minecraft:purple_carpet":1,"minecraft:bone":4,"minecraft:wheat_seeds":300,"minecraft:orange_tulip":2,"minecells:small_prison_brick_stairs":1,"minecraft:mossy_stone_bricks":2,"twigs:twig":85,"duckling:duck_egg":25,"minecraft:stripped_spruce_log":45,"minecraft:ink_sac":3,"minecells:metal_shards":9,"minecells:big_chain":4,"minecraft:polished_andesite":9,"minecraft:diamond":11,"minecells:explosive_bulb":5,"minecraft:golden_apple":1,"minecells:bloomrock":7,"wizards:frost_robe_feet":1,"minecraft:emerald":26,"minecraft:bread":2,"minecells:insufferable_crypt_doorway":2,"minecraft:oak_sapling":18,"minecells:chain_pile":6,"minecells:boss_stem_cell":2,"minecraft:crafting_table":9,"minecraft:allium":3,"minecraft:ladder":2,"minecraft:shield":1,"minecraft:red_bed":5,"minecraft:large_fern":1,"minecraft:cracked_stone_bricks":1,"mythicmobs:chupacabra_raw_meat":1,"minecells:sewer_calamari":14,"minecraft:beef":1,"minecells:vine_rune":2,"minecraft:iron_nugget":4,"minecraft:spruce_slab":9,"duckling:raw_duck":19,"minecraft:dark_oak_sapling":1,"minecraft:raw_iron":6,"minecraft:bowl":3,"minecells:monsters_eye":11,"minecells:arcane_goo":11,"minecraft:spruce_fence":18,"wizards:fire_robe_head":2,"minecraft:arrow":39,"minecraft:totem_of_undying":1,"minecraft:gold_ingot":14,"minecraft:oxeye_daisy":3,"minecraft:leather":2,"minecraft:yellow_dye":3,"minecraft:oak_log":24,"minecraft:gunpowder":10,"minecells:health_flask":3,"minecraft:apple":4,"minecraft:stone_bricks":2,"minecraft:iron_ingot":2,"minecraft:gray_bed":5,"minecraft:acacia_sapling":2,"minecraft:book":84,"minecells:prison_cobblestone":3,"minecells:monster_cell":138,"minecells:infected_flesh":43,"minecraft:gravel":43,"minecraft:spruce_sapling":64,"minecraft:white_bed":24,"minecraft:spruce_log":277,"minecells:ramparts_dimensional_rune":1,"minecraft:stone_axe":1,"minecraft:iron_helmet":1,"minecells:greed_shield":1,"minecraft:damaged_anvil":1,"minecraft:coal":22},"minecraft:mined":{"minecells:putrid_fence":9,"minecells:small_prison_bricks":5,"minecraft:spruce_planks":19,"minecraft:white_bed":24,"minecraft:farmland":61,"minecraft:andesite_stairs":1,"minecells:putrid_log":1,"minecells:doorway_frame":2,"minecraft:budding_amethyst":1,"minecraft:grass_block":2016,"minecells:putrid_board_block":1,"minecells:bloomrock_tiles":3,"minecraft:oxeye_daisy":3,"minecraft:iron_ore":6,"minecraft:dirt_path":1,"minecraft:iron_bars":2,"minecells:wilted_wall_leaves":1,"minecraft:spruce_slab":10,"minecells:prison_bricks":3,"minecraft:red_bed":5,"minecells:putrid_planks":1,"minecraft:cobblestone":9,"minecraft:damaged_anvil":1,"minecraft:amethyst_block":1,"minecells:bloomrock":16,"lootr:trophy":1,"minecells:broken_cage":2,"minecells:small_prison_brick_stairs":1,"minecraft:wheat":126,"minecraft:orange_tulip":1,"minecraft:grass":338,"minecraft:oak_log":4,"minecraft:dirt":128,"minecells:chain_pile":4,"minecells:bloomrock_wilted_grass_block":7,"minecraft:deepslate":1,"minecraft:candle":1,"minecraft:dark_oak_log":2,"minecraft:allium":3,"minecells:prison_cobblestone":2,"minecraft:spruce_fence":18,"minecells:prison_stone":5,"minecraft:spruce_leaves":10,"minecraft:large_fern":2,"minecraft:spruce_sapling":1,"minecraft:furnace":1,"minecraft:andesite":110,"minecraft:stripped_spruce_log":46,"minecraft:bookshelf":28,"goodending:spicy_wildflowers":1,"minecraft:stone":37,"minecraft:podzol":207,"minecraft:scaffolding":1,"twigs:pebble":2,"minecells:wilted_leaves":1,"minecraft:crafting_table":8,"minecraft:cornflower":1,"minecraft:tall_grass":56,"minecraft:stone_slab":1,"minecraft:copper_ore":7,"minecraft:spruce_stairs":14,"minecraft:purple_stained_glass":2,"twigs:tangerine_seashell":1,"minecraft:sweet_berry_bush":3,"minecraft:gray_bed":4,"minecraft:spruce_log":7,"minecraft:coal_ore":20,"minecraft:gravel":49,"minecraft:cracked_stone_bricks":1,"minecraft:polished_andesite":11,"minecraft:stone_bricks":2,"minecraft:mossy_stone_bricks":2,"minecraft:fern":50}},"DataVersion":3465}