{"stats":{"minecraft:custom":{"lootr:looted_stat":128,"minecraft:interact_with_anvil":2,"minecraft:mob_kills":240,"minecraft:interact_with_crafting_table":38,"minecraft:bell_ring":1,"minecraft:leave_game":4,"minecraft:time_since_death":2628,"minecraft:climb_one_cm":20308,"minecraft:sprint_one_cm":971557,"minecraft:walk_one_cm":770278,"minecraft:damage_blocked_by_shield":1340,"minecraft:drop":158,"minecraft:talked_to_villager":2,"minecraft:play_time":204271,"minecraft:deaths":73,"minecraft:sneak_time":3834,"minecraft:walk_under_water_one_cm":337,"minecraft:jump":4225,"minecraft:walk_on_water_one_cm":5808,"minecraft:total_world_time":204271,"minecraft:interact_with_furnace":9,"minecraft:sleep_in_bed":22,"minecraft:time_since_rest":2656,"minecraft:damage_taken":65276,"minecraft:damage_dealt":51210,"minecraft:swim_one_cm":1085,"minecraft:fly_one_cm":943704,"minecraft:player_kills":4,"minecraft:open_chest":6,"minecraft:crouch_one_cm":14072,"minecraft:fall_one_cm":135290},"minecraft:dropped":{"minecraft:enchanted_book":5,"minecraft:bread":1,"minecells:sewer_calamari":9,"minecells:prison_cobblestone":3,"minecells:transposition_core":1,"minecraft:glass_bottle":2,"minecraft:crafting_table":1,"wizards:frost_robe_feet":1,"minecells:broken_cage":1,"minecells:vine_rune":1,"minecraft:iron_helmet":1,"minecraft:cobblestone":1,"minecells:greed_shield":1,"minecraft:lantern":1,"minecells:arcane_goo":9,"minecraft:cracked_stone_bricks":1,"minecells:monsters_eye":11,"minecraft:coal":12,"farmersdelight:rice":3,"minecraft:stick":18,"twigs:pebble":1,"minecells:bloomrock":1,"immersive_aircraft:heavy_crossbow":3,"minecells:infected_flesh":41,"minecells:putrid_fence":3,"minecraft:yellow_dye":6,"minecraft:large_fern":1,"minecells:explosive_bulb":5,"mythicmetals:copper_helmet":1,"minecraft:iron_leggings":1,"minecraft:wooden_sword":1,"minecells:metal_shards":9,"minecells:molten_chunk":8,"minecells:buzzcutter_fang":11,"minecraft:iron_pickaxe":2,"minecraft:iron_shovel":1,"minecells:small_prison_brick_stairs":1,"minecraft:string":1,"duckling:duck_egg":2,"minecraft:white_wool":1,"twigs:twig":34,"minecraft:gold_ingot":5,"minecraft:bone":2,"minecraft:stone_axe":1,"minecraft:iron_nugget":13,"minecraft:raw_copper":18,"minecraft:bowl":6,"mythicmetals:copper_boots":1,"minecraft:wheat":4,"minecraft:rotten_flesh":19,"minecraft:oak_planks":3,"minecraft:clay_ball":6,"minecraft:iron_boots":2,"minecraft:stone_slab":1,"minecells:big_chain":4,"minecraft:potato":4,"minecraft:stone":6,"minecells:putrid_board_block":2,"minecraft:shield":1,"minecraft:flower_pot":1,"minecells:small_prison_bricks":4,"minecraft:gunpowder":3,"wizards:fire_robe_head":2,"minecells:balanced_blade":2,"minecraft:iron_chestplate":1,"minecraft:mossy_stone_bricks":2,"minecraft:spider_eye":6,"minecells:guts":11,"minecraft:stone_bricks":4,"minecells:health_flask":3,"minecraft:spruce_log":2,"minecraft:bow":1,"minecraft:arrow":1,"minecraft:wooden_pickaxe":1,"minecells:chain_pile":4,"minecraft:brick":2,"wizards:staff_arcane":1},"minecraft:used":{"minecells:cursed_sword":21,"minecraft:spruce_planks":118,"minecraft:shield":22,"minecraft:iron_sword":247,"lootr:trophy":1,"minecraft:rotten_flesh":15,"minecraft:iron_chestplate":1,"minecraft:dirt":1,"minecraft:iron_helmet":1,"minecraft:iron_boots":3,"minecells:guts":60,"minecraft:bow":5,"minecraft:furnace":1,"duckling:duck_egg":1,"minecraft:gray_bed":5,"minecraft:cooked_beef":5,"minecraft:iron_leggings":1,"minecraft:wheat_seeds":13,"minecells:putrid_planks":4,"minecraft:stone_pickaxe":28,"minecraft:oak_planks":85,"minecraft:wooden_pickaxe":3,"minecraft:crafting_table":9,"minecraft:red_bed":1,"minecraft:white_bed":25,"minecells:sewer_calamari":5,"minecraft:oxeye_daisy":3,"minecraft:apple":4,"minecells:putrid_fence":1,"minecraft:bread":31,"minecraft:iron_pickaxe":93,"minecraft:spruce_sapling":1,"minecells:infected_flesh":1,"minecraft:stone_axe":57,"minecells:bloomrock":10,"minecraft:cobblestone":6,"minecraft:diamond_sword":516,"minecraft:wooden_sword":46,"minecraft:pumpkin_pie":2},"minecraft:killed_by":{"minecells:undead_archer":3,"minecraft:player":4,"minecells:leaping_zombie":15,"minecells:concierge":2,"minecells:mutated_bat":3,"minecells:shieldbearer":3,"minecells:conjunctivius":5,"minecells:sewers_tentacle":5,"mythicmobs:chupacabra":2,"minecells:grenadier":5,"minecells:runner":10},"minecraft:broken":{"minecraft:iron_chestplate":1,"minecraft:iron_leggings":1,"minecraft:leather_boots":1,"minecraft:iron_sword":1,"minecraft:iron_helmet":2},"minecraft:killed":{"minecells:mutated_bat":26,"minecells:undead_archer":38,"minecells:sweeper":22,"minecells:concierge":2,"minecells:sewers_tentacle":24,"mythicmobs:chupacabra":2,"minecells:conjunctivius":2,"minecells:leaping_zombie":116,"minecells:protector":10,"minecells:grenadier":22,"minecells:runner":18,"duckling:duck":8,"mythicmobs:drake":2,"minecraft:zombie":4,"minecraft:stray":2,"minecells:shieldbearer":48,"minecells:inquisitor":42,"minecraft:player":8,"minecells:buzzcutter":80},"minecraft:crafted":{"minecraft:oak_planks":92,"minecraft:tripwire_hook":2,"mythicmetals:copper_boots":1,"minecraft:furnace":1,"minecells:putrid_planks":4,"minecraft:iron_boots":3,"minecraft:bow":1,"minecraft:stone_pickaxe":1,"mythicmetals:copper_helmet":1,"minecraft:crossbow":1,"minecraft:diamond_sword":1,"minecraft:crafting_table":3,"minecraft:spruce_planks":168,"minecraft:wooden_pickaxe":1,"minecraft:iron_helmet":3,"minecraft:iron_sword":1,"minecraft:copper_ingot":9,"minecraft:stone_axe":1,"minecraft:bread":4,"minecraft:air":0,"minecraft:white_wool":4,"minecraft:iron_chestplate":3,"minecraft:stick":8,"immersive_aircraft:heavy_crossbow":1,"minecraft:iron_ingot":10,"minecraft:iron_leggings":3,"minecraft:white_bed":1},"minecraft:mined":{"minecells:small_prison_bricks":5,"minecells:putrid_fence":9,"minecraft:white_bed":24,"minecraft:candle":1,"minecraft:dark_oak_log":2,"minecells:putrid_log":1,"minecells:doorway_frame":1,"minecells:prison_cobblestone":2,"minecraft:grass_block":1,"minecells:prison_stone":5,"minecraft:spruce_leaves":2,"minecells:putrid_board_block":1,"minecells:bloomrock_tiles":3,"minecraft:oxeye_daisy":3,"minecraft:large_fern":1,"minecraft:furnace":1,"minecraft:bookshelf":28,"minecraft:iron_bars":2,"minecells:wilted_wall_leaves":1,"minecraft:stone":18,"minecells:prison_bricks":3,"twigs:pebble":1,"minecraft:red_bed":1,"minecells:wilted_leaves":1,"minecells:putrid_planks":1,"minecraft:crafting_table":7,"minecraft:stone_slab":1,"minecraft:copper_ore":7,"minecraft:tall_grass":5,"minecraft:cobblestone":3,"minecraft:damaged_anvil":1,"minecells:bloomrock":16,"minecells:broken_cage":2,"lootr:trophy":1,"minecells:small_prison_brick_stairs":1,"minecraft:wheat":13,"minecraft:sweet_berry_bush":3,"minecraft:gray_bed":4,"minecraft:spruce_log":7,"minecraft:grass":1,"minecraft:coal_ore":14,"minecraft:oak_log":4,"minecraft:fern":1,"minecraft:cracked_stone_bricks":1,"minecraft:stone_bricks":2,"minecells:bloomrock_wilted_grass_block":7,"minecells:chain_pile":4,"minecraft:mossy_stone_bricks":2},"minecraft:picked_up":{"minecraft:crafting_table":8,"wizards:staff_arcane":1,"minecraft:wheat":18,"minecells:small_prison_bricks":4,"minecraft:stone_slab":1,"minecells:buzzcutter_fang":13,"minecraft:shield":1,"minecraft:string":1,"minecraft:red_bed":1,"minecraft:raw_copper":27,"minecraft:large_fern":1,"immersive_aircraft:heavy_crossbow":2,"minecraft:cracked_stone_bricks":1,"mythicmobs:chupacabra_raw_meat":1,"minecells:sewer_calamari":14,"minecraft:gold_nugget":3,"twigs:pebble":1,"minecells:vine_rune":2,"minecraft:iron_nugget":4,"minecraft:iron_pickaxe":2,"minecells:molten_chunk":8,"minecells:transposition_core":1,"minecells:guts":63,"duckling:raw_duck":4,"minecraft:furnace":1,"minecraft:tipped_arrow":1,"minecraft:dark_oak_sapling":1,"minecraft:bowl":3,"minecells:monsters_eye":11,"minecells:arcane_goo":11,"minecells:balanced_blade":2,"minecells:putrid_log":1,"minecells:putrid_fence":4,"wizards:fire_robe_head":2,"minecraft:arrow":34,"minecraft:rotten_flesh":29,"minecells:putrid_board_block":2,"minecells:broken_cage":2,"minecraft:gold_ingot":14,"minecraft:iron_bars":2,"minecraft:cobblestone":21,"minecraft:oxeye_daisy":3,"minecraft:feather":6,"minecraft:cooked_beef":32,"minecraft:yellow_dye":3,"minecraft:oak_log":24,"minecraft:gunpowder":4,"minecraft:dirt":1,"minecraft:lantern":2,"lootr:trophy":1,"minecells:health_flask":3,"minecraft:bone":2,"minecraft:apple":4,"minecraft:stone_bricks":2,"minecraft:wheat_seeds":38,"minecraft:iron_ingot":2,"minecraft:mossy_stone_bricks":2,"minecells:small_prison_brick_stairs":1,"twigs:twig":51,"minecraft:gray_bed":5,"duckling:duck_egg":3,"minecraft:book":84,"minecells:prison_cobblestone":3,"minecells:monster_cell":138,"minecells:infected_flesh":43,"minecraft:spruce_sapling":1,"minecraft:white_bed":24,"minecraft:spruce_log":7,"minecells:metal_shards":9,"minecells:big_chain":4,"minecells:ramparts_dimensional_rune":1,"minecraft:stone_axe":1,"minecraft:diamond":11,"minecells:explosive_bulb":5,"minecraft:iron_helmet":1,"minecells:insufferable_crypt_doorway":1,"wizards:frost_robe_feet":1,"minecraft:golden_apple":1,"minecells:bloomrock":7,"minecraft:bread":1,"minecells:greed_shield":1,"minecraft:emerald":19,"minecraft:oak_sapling":18,"minecraft:damaged_anvil":1,"minecells:chain_pile":6,"minecells:boss_stem_cell":2,"minecraft:coal":14}},"DataVersion":3465}