{"stats":{"minecraft:custom":{"lootr:looted_stat":77,"minecraft:mob_kills":79,"minecraft:interact_with_crafting_table":29,"minecraft:bell_ring":1,"minecraft:leave_game":2,"minecraft:time_since_death":34,"minecraft:climb_one_cm":649,"minecraft:sprint_one_cm":366362,"minecraft:walk_one_cm":290636,"minecraft:damage_blocked_by_shield":1340,"minecraft:drop":71,"minecraft:talked_to_villager":2,"minecraft:play_time":79814,"minecraft:deaths":23,"minecraft:sneak_time":267,"minecraft:walk_under_water_one_cm":337,"minecraft:jump":1574,"minecraft:walk_on_water_one_cm":5364,"minecraft:total_world_time":79814,"minecraft:interact_with_furnace":9,"minecraft:sleep_in_bed":6,"minecraft:time_since_rest":59,"minecraft:damage_taken":9571,"minecraft:damage_dealt":15143,"minecraft:swim_one_cm":1085,"minecraft:fly_one_cm":322535,"minecraft:player_kills":4,"minecraft:open_chest":5,"minecraft:crouch_one_cm":855,"minecraft:fall_one_cm":40821},"minecraft:picked_up":{"minecraft:crafting_table":5,"minecraft:wheat":14,"minecraft:stone_slab":1,"minecells:small_prison_bricks":4,"minecraft:shield":1,"minecraft:string":1,"minecraft:red_bed":1,"minecraft:raw_copper":27,"minecraft:large_fern":1,"immersive_aircraft:heavy_crossbow":2,"minecraft:cracked_stone_bricks":1,"mythicmobs:chupacabra_raw_meat":1,"minecraft:gold_nugget":1,"twigs:pebble":1,"duckling:raw_duck":4,"minecraft:furnace":1,"minecraft:tipped_arrow":1,"minecraft:dark_oak_sapling":1,"minecells:guts":27,"minecraft:bowl":3,"minecells:monsters_eye":3,"minecells:putrid_fence":1,"minecraft:arrow":29,"minecraft:rotten_flesh":16,"minecraft:cobblestone":21,"minecraft:feather":6,"minecraft:yellow_dye":3,"minecraft:oak_log":24,"minecraft:gunpowder":2,"minecraft:lantern":2,"minecraft:bone":2,"minecraft:apple":4,"minecraft:stone_bricks":2,"minecraft:wheat_seeds":38,"minecraft:iron_ingot":1,"minecraft:mossy_stone_bricks":2,"twigs:twig":12,"duckling:duck_egg":2,"minecraft:book":84,"minecells:prison_cobblestone":3,"minecells:monster_cell":25,"minecells:infected_flesh":14,"minecraft:spruce_sapling":1,"minecraft:white_bed":5,"minecraft:spruce_log":7,"minecells:metal_shards":1,"minecells:explosive_bulb":2,"minecraft:stone_axe":1,"minecells:bloomrock":3,"minecraft:bread":1,"minecells:greed_shield":1,"minecraft:oak_sapling":18,"minecraft:coal":14},"minecraft:used":{"minecraft:spruce_planks":13,"minecraft:shield":22,"minecraft:iron_sword":236,"minecraft:rotten_flesh":5,"minecells:guts":7,"minecraft:bow":5,"minecraft:furnace":1,"duckling:duck_egg":1,"minecraft:wheat_seeds":13,"minecraft:stone_pickaxe":28,"minecraft:oak_planks":8,"minecraft:wooden_pickaxe":3,"minecraft:crafting_table":6,"minecraft:red_bed":1,"minecraft:white_bed":6,"minecraft:apple":4,"minecells:putrid_fence":1,"minecraft:bread":31,"minecraft:iron_pickaxe":50,"minecraft:spruce_sapling":1,"minecells:bloomrock":6,"minecraft:stone_axe":57,"minecraft:wooden_sword":46,"minecraft:cobblestone":6,"minecraft:pumpkin_pie":2},"minecraft:killed_by":{"minecraft:player":4,"minecells:leaping_zombie":8,"mythicmobs:chupacabra":2,"minecells:grenadier":3,"minecells:runner":5},"minecraft:mined":{"minecells:small_prison_bricks":4,"minecells:putrid_fence":6,"minecraft:white_bed":5,"minecraft:dark_oak_log":2,"minecells:prison_cobblestone":2,"minecells:prison_stone":5,"minecraft:spruce_leaves":2,"minecells:bloomrock_tiles":1,"minecraft:furnace":1,"minecraft:bookshelf":28,"minecraft:stone":18,"twigs:pebble":1,"minecraft:red_bed":1,"minecraft:crafting_table":4,"minecraft:stone_slab":1,"minecraft:tall_grass":4,"minecraft:copper_ore":7,"minecraft:cobblestone":3,"minecells:bloomrock":1,"minecraft:wheat":13,"minecraft:sweet_berry_bush":3,"minecraft:spruce_log":7,"minecraft:oak_log":4,"minecraft:grass":1,"minecraft:coal_ore":14,"minecraft:cracked_stone_bricks":1,"minecraft:stone_bricks":2,"minecells:bloomrock_wilted_grass_block":3,"minecraft:mossy_stone_bricks":2},"minecraft:killed":{"minecells:mutated_bat":10,"minecells:undead_archer":24,"mythicmobs:chupacabra":2,"minecells:leaping_zombie":62,"minecells:protector":8,"minecells:grenadier":16,"minecells:runner":4,"duckling:duck":8,"mythicmobs:drake":2,"minecraft:zombie":4,"minecraft:stray":2,"minecells:shieldbearer":12,"minecraft:player":8},"minecraft:crafted":{"minecraft:oak_planks":92,"minecraft:tripwire_hook":2,"mythicmetals:copper_boots":1,"minecraft:furnace":1,"minecraft:bow":1,"minecraft:iron_boots":1,"minecraft:stone_pickaxe":1,"mythicmetals:copper_helmet":1,"minecraft:crossbow":1,"minecraft:crafting_table":3,"minecraft:spruce_planks":32,"minecraft:wooden_pickaxe":1,"minecraft:iron_helmet":1,"minecraft:iron_sword":1,"minecraft:copper_ingot":9,"minecraft:stone_axe":1,"minecraft:bread":4,"minecraft:air":0,"minecraft:white_wool":4,"minecraft:iron_chestplate":1,"minecraft:stick":8,"immersive_aircraft:heavy_crossbow":1,"minecraft:iron_ingot":3,"minecraft:iron_leggings":1,"minecraft:white_bed":1},"minecraft:broken":{"minecraft:leather_boots":1},"minecraft:dropped":{"minecraft:enchanted_book":2,"minecraft:bread":1,"minecells:prison_cobblestone":3,"minecraft:glass_bottle":2,"minecraft:crafting_table":1,"minecraft:cobblestone":1,"minecells:greed_shield":1,"minecraft:lantern":1,"minecraft:cracked_stone_bricks":1,"minecells:monsters_eye":3,"minecraft:coal":12,"farmersdelight:rice":3,"minecells:bloomrock":1,"immersive_aircraft:heavy_crossbow":3,"twigs:pebble":1,"minecells:infected_flesh":12,"minecraft:yellow_dye":6,"minecraft:large_fern":1,"minecells:explosive_bulb":2,"mythicmetals:copper_helmet":1,"minecraft:wooden_sword":1,"minecraft:string":1,"duckling:duck_egg":1,"minecraft:white_wool":1,"minecraft:bone":2,"minecraft:stone_axe":1,"minecraft:raw_copper":18,"minecraft:bowl":6,"mythicmetals:copper_boots":1,"minecraft:wheat":2,"minecraft:rotten_flesh":12,"minecraft:clay_ball":6,"minecraft:oak_planks":3,"minecraft:stone_slab":1,"minecraft:potato":4,"minecraft:stone":6,"minecraft:shield":1,"minecraft:flower_pot":1,"minecells:small_prison_bricks":4,"minecraft:gunpowder":1,"minecraft:mossy_stone_bricks":2,"minecraft:spider_eye":6,"minecells:guts":9,"minecraft:stone_bricks":4,"minecraft:wooden_pickaxe":1,"minecraft:brick":2}},"DataVersion":3465}