{"stats":{"minecraft:crafted":{"minecraft:crafting_table":1,"minecraft:spruce_planks":4},"minecraft:used":{"minecraft:wooden_sword":40,"minecraft:shield":2},"minecraft:killed":{"minecraft:player":8},"minecraft:mined":{"minecraft:grass":1,"minecraft:sweet_berry_bush":1,"minecraft:spruce_leaves":1,"minecraft:dark_oak_log":2},"minecraft:killed_by":{"minecraft:player":4},"minecraft:custom":{"minecraft:time_since_rest":586,"minecraft:crouch_one_cm":21,"lootr:looted_stat":1,"minecraft:play_time":3669,"minecraft:sprint_one_cm":27531,"minecraft:walk_one_cm":18013,"minecraft:damage_taken":1875,"minecraft:deaths":4,"minecraft:damage_blocked_by_shield":80,"minecraft:sneak_time":1,"minecraft:jump":223,"minecraft:leave_game":1,"minecraft:damage_dealt":1327,"minecraft:time_since_death":560,"minecraft:walk_on_water_one_cm":169,"minecraft:total_world_time":3669,"minecraft:fall_one_cm":9180,"minecraft:fly_one_cm":40158,"minecraft:player_kills":4}},"DataVersion":3465}