{"stats":{"minecraft:custom":{"minecraft:interact_with_furnace":9,"lootr:looted_stat":47,"minecraft:mob_kills":33,"minecraft:interact_with_crafting_table":19,"minecraft:bell_ring":1,"minecraft:leave_game":1,"minecraft:time_since_death":1200,"minecraft:climb_one_cm":649,"minecraft:time_since_rest":1226,"minecraft:sprint_one_cm":189719,"minecraft:damage_taken":5106,"minecraft:walk_one_cm":180498,"minecraft:damage_blocked_by_shield":1340,"minecraft:drop":41,"minecraft:damage_dealt":7484,"minecraft:talked_to_villager":2,"minecraft:swim_one_cm":1085,"minecraft:fly_one_cm":199068,"minecraft:player_kills":4,"minecraft:open_chest":4,"minecraft:crouch_one_cm":661,"minecraft:play_time":45006,"minecraft:deaths":10,"minecraft:sneak_time":217,"minecraft:walk_under_water_one_cm":337,"minecraft:jump":949,"minecraft:walk_on_water_one_cm":2362,"minecraft:total_world_time":45006,"minecraft:fall_one_cm":28290},"minecraft:picked_up":{"minecraft:crafting_table":1,"minecraft:wheat":14,"minecraft:feather":6,"minecells:small_prison_bricks":4,"minecraft:stone_slab":1,"minecraft:yellow_dye":3,"minecraft:oak_log":24,"minecraft:shield":1,"minecraft:gunpowder":2,"minecraft:red_bed":1,"minecraft:lantern":2,"minecraft:raw_copper":27,"minecraft:large_fern":1,"minecraft:bone":2,"minecraft:apple":4,"minecraft:stone_bricks":2,"minecraft:cracked_stone_bricks":1,"minecraft:wheat_seeds":38,"mythicmobs:chupacabra_raw_meat":1,"twigs:pebble":1,"minecraft:mossy_stone_bricks":2,"twigs:twig":12,"duckling:duck_egg":2,"duckling:raw_duck":4,"minecraft:furnace":1,"minecraft:book":84,"minecraft:tipped_arrow":1,"minecraft:dark_oak_sapling":1,"minecells:guts":7,"minecells:prison_cobblestone":3,"minecells:monster_cell":7,"minecraft:bowl":3,"minecells:monsters_eye":2,"minecells:infected_flesh":6,"minecraft:spruce_sapling":1,"minecraft:spruce_log":7,"minecraft:arrow":6,"minecraft:rotten_flesh":7,"minecells:explosive_bulb":1,"minecraft:stone_axe":1,"minecraft:oak_sapling":18,"minecraft:coal":14,"minecraft:cobblestone":21},"minecraft:killed_by":{"minecraft:player":4,"mythicmobs:chupacabra":2,"minecells:leaping_zombie":3,"minecells:grenadier":1},"minecraft:used":{"minecraft:wheat_seeds":13,"minecraft:stone_pickaxe":28,"minecraft:spruce_planks":13,"minecraft:wooden_pickaxe":3,"minecraft:shield":22,"minecraft:iron_sword":87,"minecraft:crafting_table":3,"minecraft:red_bed":1,"minecraft:apple":4,"minecraft:bread":16,"minecraft:iron_pickaxe":37,"minecraft:spruce_sapling":1,"minecraft:stone_axe":57,"minecraft:wooden_sword":46,"minecraft:cobblestone":6,"minecraft:furnace":1,"duckling:duck_egg":1,"minecraft:pumpkin_pie":2},"minecraft:mined":{"minecells:putrid_fence":1,"minecells:small_prison_bricks":4,"twigs:pebble":1,"minecraft:red_bed":1,"minecraft:dark_oak_log":2,"minecraft:crafting_table":1,"minecells:prison_stone":4,"minecraft:stone_slab":1,"minecraft:tall_grass":2,"minecraft:copper_ore":7,"minecraft:cobblestone":3,"minecraft:spruce_leaves":2,"minecells:bloomrock_tiles":1,"minecells:bloomrock":1,"minecraft:furnace":1,"minecraft:wheat":13,"minecraft:sweet_berry_bush":3,"minecraft:spruce_log":7,"minecraft:oak_log":4,"minecraft:grass":1,"minecraft:bookshelf":28,"minecraft:coal_ore":14,"minecraft:cracked_stone_bricks":1,"minecraft:stone":18,"minecraft:stone_bricks":2,"minecells:bloomrock_wilted_grass_block":1,"minecraft:mossy_stone_bricks":2},"minecraft:crafted":{"minecraft:crafting_table":3,"minecraft:spruce_planks":32,"mythicmetals:copper_boots":1,"minecraft:wooden_pickaxe":1,"minecraft:iron_sword":1,"minecraft:furnace":1,"minecraft:copper_ingot":9,"minecraft:stone_axe":1,"minecraft:air":0,"minecraft:iron_chestplate":1,"minecraft:stick":8,"mythicmetals:copper_helmet":1,"minecraft:iron_ingot":3,"minecraft:stone_pickaxe":1,"minecraft:iron_leggings":1},"minecraft:killed":{"minecells:mutated_bat":2,"duckling:duck":8,"minecells:undead_archer":8,"mythicmobs:drake":2,"minecraft:zombie":4,"minecraft:stray":2,"minecells:shieldbearer":6,"mythicmobs:chupacabra":2,"minecells:leaping_zombie":24,"minecells:protector":2,"minecells:grenadier":6,"minecraft:player":8},"minecraft:broken":{"minecraft:leather_boots":1},"minecraft:dropped":{"minecraft:stone_axe":1,"minecells:prison_cobblestone":3,"minecraft:bowl":6,"minecraft:glass_bottle":2,"minecraft:cobblestone":1,"minecraft:rotten_flesh":7,"minecraft:clay_ball":6,"minecraft:lantern":1,"minecraft:stone_slab":1,"minecraft:cracked_stone_bricks":1,"minecells:monsters_eye":2,"minecraft:coal":12,"farmersdelight:rice":3,"twigs:pebble":1,"minecraft:potato":4,"minecells:infected_flesh":4,"minecraft:stone":6,"minecraft:shield":1,"minecraft:flower_pot":1,"minecells:small_prison_bricks":4,"minecraft:gunpowder":1,"minecraft:large_fern":1,"minecraft:yellow_dye":6,"minecells:explosive_bulb":1,"minecraft:mossy_stone_bricks":2,"minecraft:wooden_sword":1,"minecraft:spider_eye":6,"minecraft:stone_bricks":4,"minecraft:wooden_pickaxe":1,"duckling:duck_egg":1,"minecraft:brick":2,"minecraft:bone":2}},"DataVersion":3465}