{"stats":{"minecraft:picked_up":{"minecraft:wheat":14,"minecraft:feather":6,"minecraft:oak_log":24,"minecraft:red_bed":1,"minecraft:lantern":1,"minecraft:raw_copper":9,"minecraft:bone":2,"minecraft:apple":4,"minecraft:stone_bricks":2,"minecraft:cracked_stone_bricks":1,"minecraft:wheat_seeds":38,"mythicmobs:chupacabra_raw_meat":1,"twigs:pebble":1,"minecraft:mossy_stone_bricks":2,"twigs:twig":12,"duckling:duck_egg":2,"duckling:raw_duck":4,"minecraft:book":39,"minecraft:tipped_arrow":1,"minecraft:dark_oak_sapling":1,"minecraft:spruce_sapling":1,"minecraft:spruce_log":7,"minecraft:rotten_flesh":3,"minecraft:stone_axe":1,"minecraft:oak_sapling":18,"minecraft:coal":14,"minecraft:cobblestone":7},"minecraft:custom":{"minecraft:interact_with_furnace":1,"lootr:looted_stat":13,"minecraft:mob_kills":8,"minecraft:interact_with_crafting_table":6,"minecraft:bell_ring":1,"minecraft:leave_game":1,"minecraft:time_since_death":9813,"minecraft:climb_one_cm":649,"minecraft:time_since_rest":9838,"minecraft:sprint_one_cm":116100,"minecraft:damage_taken":2859,"minecraft:walk_one_cm":65995,"minecraft:damage_blocked_by_shield":470,"minecraft:drop":18,"minecraft:damage_dealt":2511,"minecraft:talked_to_villager":2,"minecraft:swim_one_cm":1085,"minecraft:fly_one_cm":149568,"minecraft:player_kills":4,"minecraft:open_chest":4,"minecraft:crouch_one_cm":282,"minecraft:play_time":21006,"minecraft:deaths":6,"minecraft:sneak_time":83,"minecraft:walk_under_water_one_cm":337,"minecraft:jump":685,"minecraft:walk_on_water_one_cm":2362,"minecraft:total_world_time":21006,"minecraft:fall_one_cm":22107},"minecraft:killed_by":{"minecraft:player":4,"mythicmobs:chupacabra":2},"minecraft:used":{"minecraft:wheat_seeds":13,"minecraft:stone_pickaxe":28,"minecraft:wooden_pickaxe":3,"minecraft:shield":8,"minecraft:crafting_table":1,"minecraft:bread":4,"minecraft:iron_pickaxe":3,"minecraft:spruce_sapling":1,"minecraft:stone_axe":33,"minecraft:wooden_sword":46,"duckling:duck_egg":1},"minecraft:mined":{"twigs:pebble":1,"minecraft:red_bed":1,"minecraft:dark_oak_log":2,"minecraft:tall_grass":1,"minecraft:copper_ore":3,"minecraft:cobblestone":3,"minecraft:spruce_leaves":2,"minecraft:wheat":13,"minecraft:sweet_berry_bush":3,"minecraft:spruce_log":7,"minecraft:oak_log":4,"minecraft:grass":1,"minecraft:bookshelf":13,"minecraft:coal_ore":14,"minecraft:cracked_stone_bricks":1,"minecraft:stone":4,"minecraft:stone_bricks":2,"minecraft:mossy_stone_bricks":2},"minecraft:killed":{"duckling:duck":8,"minecraft:zombie":4,"minecraft:stray":2,"mythicmobs:chupacabra":2,"minecraft:player":8},"minecraft:crafted":{"minecraft:crafting_table":1,"minecraft:spruce_planks":32,"minecraft:wooden_pickaxe":1,"minecraft:stone_axe":1,"minecraft:stick":8,"minecraft:stone_pickaxe":1},"minecraft:broken":{"minecraft:leather_boots":1},"minecraft:dropped":{"minecraft:stone_axe":1,"minecraft:cobblestone":1,"minecraft:rotten_flesh":3,"minecraft:clay_ball":6,"minecraft:lantern":1,"minecraft:cracked_stone_bricks":1,"farmersdelight:rice":3,"twigs:pebble":1,"minecraft:potato":4,"minecraft:stone":6,"minecraft:flower_pot":1,"minecraft:mossy_stone_bricks":2,"minecraft:spider_eye":6,"minecraft:stone_bricks":4,"minecraft:wooden_pickaxe":1,"duckling:duck_egg":1,"minecraft:brick":2,"minecraft:bone":2}},"DataVersion":3465}