{"stats":{"minecraft:crafted":{"minecraft:spruce_planks":4,"minecraft:stick":8,"minecraft:stone_pickaxe":1,"minecraft:wooden_pickaxe":1},"minecraft:used":{"minecraft:wooden_sword":52,"minecraft:bread":2,"minecraft:stone_pickaxe":10,"minecraft:wooden_pickaxe":3,"minecraft:shield":3,"twigs:pebble":1,"minecraft:spruce_sapling":3},"minecraft:killed":{"minecraft:spider":2,"minecraft:player":10},"minecraft:picked_up":{"twigs:pebble":1,"minecraft:spruce_sapling":3,"minecraft:spruce_log":1,"minecraft:dark_oak_log":2,"minecraft:cobblestone":13},"minecraft:mined":{"twigs:pebble":1,"minecraft:stone":13,"minecraft:spruce_leaves":2},"minecraft:killed_by":{"minecraft:player":2},"minecraft:custom":{"minecraft:time_since_rest":2945,"minecraft:crouch_one_cm":1147,"minecraft:play_time":4651,"minecraft:sprint_one_cm":31237,"minecraft:walk_one_cm":37476,"minecraft:damage_taken":1314,"minecraft:deaths":2,"minecraft:damage_blocked_by_shield":120,"minecraft:sneak_time":155,"minecraft:walk_under_water_one_cm":85,"minecraft:mob_kills":1,"minecraft:jump":138,"minecraft:leave_game":1,"minecraft:damage_dealt":1758,"minecraft:walk_on_water_one_cm":213,"minecraft:time_since_death":2921,"minecraft:total_world_time":4651,"minecraft:interact_with_crafting_table":3,"minecraft:fall_one_cm":5874,"minecraft:fly_one_cm":20498,"minecraft:player_kills":5}},"DataVersion":3465}