{"stats":{"minecraft:broken":{"minecraft:iron_shovel":1,"minecraft:diamond_shovel":1,"minecraft:diamond_axe":1,"minecraft:iron_axe":1,"minecraft:wooden_sword":1,"minecraft:leather_boots":1,"minecraft:iron_pickaxe":1,"minecraft:iron_sword":1},"minecraft:custom":{"minecraft:interact_with_smithing_table":1,"lootr:looted_stat":53,"minecraft:interact_with_anvil":3,"minecraft:mob_kills":115,"minecraft:interact_with_crafting_table":52,"minecraft:open_barrel":2,"minecraft:interact_with_campfire":4,"minecraft:leave_game":2,"minecraft:time_since_death":143118,"minecraft:climb_one_cm":1839,"minecraft:sprint_one_cm":809403,"minecraft:walk_one_cm":891007,"minecraft:damage_blocked_by_shield":4005,"minecraft:drop":71,"minecraft:talked_to_villager":2,"minecraft:play_time":245599,"minecraft:sneak_time":14073,"minecraft:deaths":8,"minecraft:walk_under_water_one_cm":27156,"minecraft:jump":3699,"minecraft:interact_with_blast_furnace":3,"minecraft:walk_on_water_one_cm":24271,"minecraft:total_world_time":245599,"minecraft:interact_with_furnace":31,"minecraft:interact_with_cartography_table":1,"minecraft:interact_with_grindstone":1,"minecraft:interact_with_stonecutter":1,"minecraft:sleep_in_bed":6,"minecraft:time_since_rest":16047,"minecraft:damage_taken":7105,"minecraft:damage_dealt":23653,"minecraft:player_kills":5,"minecraft:swim_one_cm":44567,"minecraft:fly_one_cm":737376,"minecraft:open_chest":7,"minecraft:crouch_one_cm":36409,"minecraft:fall_one_cm":109364,"minecraft:interact_with_smoker":3,"minecraft:inspect_dispenser":1},"minecraft:killed_by":{"minecraft:player":2,"minecraft:stray":1,"minecraft:creeper":1,"mythicmobs:chupacabra":1,"minecraft:skeleton":2},"minecraft:mined":{"minecraft:dark_oak_planks":7,"minerally:deepslate_emerald_crystal_0":2,"minerally:deepslate_gold_pile_0":3,"minerally:deepslate_gold_pile_1":3,"minecraft:tuff":13,"minecraft:spruce_planks":1,"minerally:deepslate_emerald_crystal_1":2,"minecraft:deepslate_diamond_ore":26,"minecraft:dark_oak_log":84,"mythicmetals:deepslate_morkite_ore":9,"minecraft:cave_vines_plant":5,"minecraft:allium":1,"mythicmetals:silver_ore":7,"minecraft:grass_block":611,"mythicmetals:deepslate_adamantite_ore":3,"twigs:twig":2,"minerally:deepslate_iron_pile_1":2,"minecraft:spruce_leaves":3,"minecraft:moss_block":3,"minecraft:hay_block":12,"minerally:deepslate_lapis_pile_0":2,"minerally:geode":1,"mythicmetals:deepslate_orichalcum_ore":6,"minecraft:large_fern":4,"minerally:deepslate_lapis_pile":2,"minecraft:magma_block":6,"mythicmetals:quadrillum_ore":6,"minecraft:spruce_sapling":1,"minecraft:furnace":4,"minecraft:iron_ore":67,"minerally:coal_rock":4,"minecraft:andesite":17,"mythicmetals:deepslate_mythril_ore":4,"minecraft:moss_carpet":1,"minecraft:deepslate_lapis_ore":1,"minecraft:dark_oak_stairs":19,"minerally:deepslate_iron_pile":2,"minerally:deepslate_iron_pile_0":2,"minerally:deepslate_gold_pile":3,"minerally:deepslate_coal_pile_0":2,"minecraft:cave_vines":12,"minecraft:deepslate_iron_ore":31,"minecraft:rail":6,"minerally:diamond_rock":3,"minecraft:stone":67,"minecraft:flowering_azalea":2,"twigs:pebble":3,"mythicmetals:platinum_ore":20,"minecraft:blackstone":13,"minecraft:medium_amethyst_bud":1,"minecraft:stripped_dark_oak_log":72,"twigs:azalea_flowers":1,"minecraft:crafting_table":8,"minecraft:torch":9,"minecraft:blast_furnace":4,"minerally:deepslate_coal_pile_1":2,"mythicmetals:deepslate_carmot_ore":5,"minerally:deepslate_emerald_crystal":2,"minecraft:copper_ore":5,"minecraft:tall_grass":25,"mythicmetals:deepslate_runite_ore":3,"minecraft:deepslate_gold_ore":17,"minecraft:lapis_ore":1,"minerally:lapis_rock":4,"minecraft:oak_planks":1,"minecraft:wall_torch":9,"minecraft:deepslate_copper_ore":3,"minecraft:birch_sapling":6,"minecraft:white_terracotta":5,"mythicmetals:manganese_ore":14,"minecraft:spruce_log":23,"minecraft:gray_bed":3,"minerally:iron_rock":2,"minerally:deepslate_coal_pile":2,"minecraft:grass":59,"minecraft:coal_ore":16,"minecraft:dark_oak_sapling":14,"minecraft:gravel":296,"minecraft:dirt":22,"mythicmetals:morkite_ore":6,"minecraft:cobweb":4,"minecraft:smooth_basalt":1,"minecraft:gold_ore":3,"minecraft:deepslate":113,"minecraft:oak_leaves":2,"minerally:deepslate_lapis_pile_1":2,"minecraft:fern":6},"minecraft:dropped":{"minecraft:porkchop":2,"minecraft:wheat_seeds":1,"minecraft:diamond_axe":1,"minecraft:glow_ink_sac":2,"strangeberries:invisibility_berries":5,"minecraft:dark_oak_sapling":26,"minecraft:feather":1,"minecraft:cobblestone":5,"minecraft:leather":2,"minecraft:copper_ingot":6,"twigs:pebble":32,"minecraft:grass":6,"minecraft:dark_oak_log":45,"minecraft:torch":1,"minecraft:mutton":12,"minecraft:bone_meal":12,"minecraft:flowering_azalea":1,"minecraft:white_wool":1,"minecraft:spruce_sapling":22,"twigs:twig":1,"twigs:azalea_flowers":1,"duckling:raw_duck":1,"minecraft:stone_axe":1,"bountiful:bounty":2,"minecraft:sweet_berries":16,"minecraft:blackstone":9,"twigs:petrified_lichen":2,"minecraft:raw_copper":5,"minecraft:cobbled_deepslate":2,"minecraft:tuff":11,"minecraft:rotten_flesh":25,"minecraft:carrot":1,"minecraft:big_dripleaf":1,"minecraft:tipped_arrow":1,"minecraft:shield":1,"minecraft:gunpowder":14,"basicweapons:iron_quarterstaff":1,"minecraft:spruce_wood":3,"minecraft:spider_eye":4,"minecraft:arrow":6,"minecraft:beef":12,"minecraft:stone_pickaxe":1,"minecraft:wooden_pickaxe":2},"minecraft:picked_up":{"minecraft:crafting_table":8,"minecraft:allium":1,"twigs:petrified_lichen":2,"artifacts:bunny_hoppers":1,"minecraft:wooden_pickaxe":1,"minecraft:string":23,"minecraft:moss_carpet":1,"minecraft:raw_copper":18,"artifacts:power_glove":1,"minecraft:blackstone":12,"mythicmetals:raw_adamantite":3,"minecraft:tnt_minecart":3,"minecraft:cobbled_deepslate":111,"twigs:pebble":97,"minecraft:spruce_planks":1,"minecraft:beef":27,"mythicmetals:raw_mythril":4,"minecraft:birch_sapling":21,"duckling:raw_duck":1,"minecraft:furnace":4,"strangeberries:invisibility_berries":6,"mythicmetals:raw_orichalcum":6,"minecraft:tipped_arrow":1,"minecraft:dark_oak_sapling":172,"minecraft:stick":47,"minecraft:raw_iron":150,"mythicmetals:raw_carmot":5,"minecraft:big_dripleaf":1,"minecraft:torch":19,"minecraft:porkchop":2,"minecraft:carrot":1,"mythicmetals:morkite":28,"minecraft:dark_oak_planks":5,"mythicmetals:raw_runite":5,"minecraft:arrow":8,"minecraft:rotten_flesh":36,"mythicmetals:raw_manganese":22,"minecraft:hay_block":12,"artifacts:cross_necklace":1,"minecraft:white_terracotta":5,"minecraft:glow_berries":12,"minecraft:mutton":12,"minecraft:rail":7,"minecraft:white_wool":9,"minecraft:cobblestone":61,"minecraft:birch_log":38,"minecraft:magma_block":6,"minecraft:feather":1,"minecraft:glow_ink_sac":5,"minecraft:andesite":17,"minecraft:leather":15,"minecraft:flint":25,"minecraft:tuff":13,"minecraft:gunpowder":8,"mythicmetals:raw_platinum":30,"minecraft:lapis_lazuli":22,"minecraft:dirt":634,"strangeberries:rotten_berries":2,"minecraft:bone":8,"bountiful:bounty":1,"minecraft:apple":18,"minecraft:wheat_seeds":22,"minecraft:orange_tulip":1,"minecraft:raw_gold":28,"twigs:twig":180,"minecraft:moss_block":3,"minecraft:gray_bed":3,"mythicmetals:raw_silver":8,"minecraft:flowering_azalea":2,"duckling:duck_egg":1,"minecraft:dark_oak_stairs":19,"minecraft:sweet_berries":16,"minecraft:gravel":264,"twigs:azalea_flowers":1,"mythicmetals:raw_quadrillum":9,"minecraft:spruce_sapling":30,"minecraft:blast_furnace":4,"minecraft:grass_block":1,"minecraft:spruce_log":54,"minecraft:dark_oak_log":1630,"minecraft:spider_eye":4,"strangeberries:resistance_berries":4,"minecraft:diamond":29,"minecraft:diamond_axe":1,"minecraft:grass":6,"minecraft:emerald":6,"minecraft:coal":26,"minecraft:stripped_dark_oak_log":72,"strangeberries:haste_berries":15},"minecraft:used":{"minecraft:moss_block":3,"minecraft:iron_shovel":298,"minecraft:white_terracotta":5,"minecraft:shield":50,"minecraft:iron_sword":246,"minecraft:torch":70,"minecraft:dirt":48,"minecraft:tuff":1,"minecraft:dark_oak_planks":7,"minecraft:iron_axe":70,"minecraft:birch_sapling":21,"minecraft:rabbit_stew":2,"basicweapons:iron_quarterstaff":9,"minecraft:magma_block":6,"minecraft:furnace":4,"duckling:duck_egg":1,"minecraft:gray_bed":3,"minecraft:cobbled_deepslate":105,"strangeberries:resistance_berries":4,"minecraft:dark_oak_sapling":145,"minecraft:dark_oak_stairs":51,"minecraft:stone_pickaxe":54,"minecraft:blackstone":3,"minecraft:wooden_pickaxe":25,"minecraft:diamond_axe":690,"minecraft:glow_berries":7,"minecraft:stripped_dark_oak_log":70,"minecraft:rail":7,"minecraft:crafting_table":10,"minecraft:spruce_log":10,"minecraft:shears":6,"strangeberries:haste_berries":2,"minecraft:diamond_pickaxe":239,"minecraft:apple":3,"strangeberries:invisibility_berries":1,"minecraft:diamond_shovel":621,"minecraft:dark_oak_log":579,"strangeberries:rotten_berries":2,"minecraft:bread":78,"minecraft:iron_pickaxe":253,"minecraft:tnt_minecart":3,"minecraft:spruce_sapling":8,"minecraft:stone_axe":30,"minecraft:diamond_sword":47,"minecraft:wooden_sword":60,"minecraft:cobblestone":30,"minecraft:pumpkin_pie":3,"twigs:pebble":1,"minecraft:experience_bottle":2},"minecraft:crafted":{"usefulbackpacks:backpack_small":1,"minecraft:furnace":1,"minecraft:diamond_shovel":1,"minecraft:bone_meal":12,"minecraft:iron_boots":1,"minecraft:iron_axe":1,"minecraft:spruce_wood":3,"minecraft:stone_pickaxe":1,"usefulbackpacks:backpack_medium":1,"minecraft:rail":16,"minecraft:dark_oak_planks":136,"minecraft:wheat":108,"minecraft:diamond_sword":1,"minecraft:dark_oak_stairs":40,"minecraft:diamond_axe":2,"minecraft:crafting_table":2,"minecraft:spruce_planks":40,"minecraft:iron_helmet":1,"minecraft:wooden_pickaxe":5,"minecraft:iron_sword":1,"minecraft:copper_ingot":9,"minecraft:bread":36,"minecraft:air":0,"minecraft:iron_chestplate":1,"minecraft:white_wool":4,"minecraft:diamond_pickaxe":1,"minecraft:shield":1,"minecraft:stick":124,"usefulbackpacks:backpack_large":1,"minecraft:iron_ingot":54,"minecraft:iron_pickaxe":1,"minecraft:iron_block":6,"minecraft:iron_shovel":2,"minecraft:iron_leggings":1,"minecraft:torch":48,"minecraft:shears":1},"minecraft:killed":{"minecraft:cave_spider":2,"minecraft:spider":44,"minecraft:skeleton":24,"mythicmobs:chupacabra":4,"artifacts:mimic":6,"minecraft:pig":2,"duckling:duck":2,"minecraft:bat":6,"minecraft:creeper":10,"minecraft:sheep":10,"minecraft:zombie":84,"minecraft:stray":2,"minecraft:player":10,"minecraft:enderman":2,"minecraft:cow":30}},"DataVersion":3465}