{"stats":{"minecraft:custom":{"minecraft:interact_with_furnace":11,"lootr:looted_stat":8,"minecraft:mob_kills":7,"minecraft:interact_with_crafting_table":12,"minecraft:interact_with_campfire":4,"minecraft:leave_game":1,"minecraft:time_since_death":27446,"minecraft:climb_one_cm":311,"minecraft:time_since_rest":27468,"minecraft:sprint_one_cm":113140,"minecraft:damage_taken":2665,"minecraft:walk_one_cm":141333,"minecraft:damage_blocked_by_shield":1425,"minecraft:drop":17,"minecraft:damage_dealt":3159,"minecraft:swim_one_cm":20982,"minecraft:fly_one_cm":93474,"minecraft:player_kills":5,"minecraft:crouch_one_cm":8726,"minecraft:play_time":44949,"minecraft:deaths":3,"minecraft:sneak_time":4220,"minecraft:walk_under_water_one_cm":23989,"minecraft:jump":558,"minecraft:walk_on_water_one_cm":8972,"minecraft:total_world_time":44949,"minecraft:interact_with_smoker":1,"minecraft:fall_one_cm":13631},"minecraft:picked_up":{"minecraft:crafting_table":1,"minecraft:magma_block":4,"minecraft:feather":1,"minecraft:flint":25,"minecraft:dirt":10,"strangeberries:rotten_berries":2,"minecraft:raw_copper":9,"bountiful:bounty":1,"minecraft:apple":1,"minecraft:wheat_seeds":1,"minecraft:spruce_planks":1,"twigs:pebble":97,"twigs:twig":22,"duckling:duck_egg":1,"duckling:raw_duck":1,"minecraft:furnace":1,"minecraft:tipped_arrow":1,"minecraft:dark_oak_sapling":52,"minecraft:raw_iron":8,"minecraft:sweet_berries":16,"minecraft:torch":1,"minecraft:gravel":264,"minecraft:spruce_sapling":25,"minecraft:carrot":1,"minecraft:spruce_log":31,"minecraft:dark_oak_log":19,"minecraft:arrow":1,"minecraft:rotten_flesh":5,"minecraft:white_terracotta":5,"minecraft:coal":4,"strangeberries:haste_berries":2,"minecraft:cobblestone":25},"minecraft:killed_by":{"minecraft:player":2,"minecraft:stray":1},"minecraft:used":{"minecraft:iron_shovel":298,"minecraft:stone_pickaxe":54,"minecraft:wooden_pickaxe":3,"minecraft:shield":18,"minecraft:white_terracotta":5,"minecraft:iron_sword":6,"minecraft:torch":1,"minecraft:dirt":10,"minecraft:crafting_table":1,"minecraft:spruce_log":10,"minecraft:apple":3,"strangeberries:haste_berries":1,"minecraft:bread":6,"minecraft:iron_pickaxe":2,"strangeberries:rotten_berries":2,"minecraft:spruce_sapling":3,"minecraft:stone_axe":30,"minecraft:wooden_sword":60,"minecraft:magma_block":4,"minecraft:cobblestone":12,"minecraft:furnace":2,"duckling:duck_egg":1,"twigs:pebble":1},"minecraft:mined":{"minecraft:spruce_planks":1,"twigs:pebble":3,"minecraft:medium_amethyst_bud":1,"minecraft:crafting_table":1,"minecraft:grass_block":7,"twigs:twig":2,"minecraft:tall_grass":2,"minecraft:spruce_leaves":3,"minecraft:wall_torch":1,"minecraft:deepslate_copper_ore":3,"minecraft:white_terracotta":5,"minecraft:magma_block":4,"minecraft:spruce_sapling":1,"minecraft:furnace":1,"minecraft:iron_ore":8,"minecraft:spruce_log":18,"minerally:coal_rock":1,"minecraft:grass":4,"minecraft:coal_ore":4,"minecraft:gravel":296,"minecraft:dirt":3,"minecraft:stone":28,"minecraft:oak_leaves":2},"minecraft:killed":{"duckling:duck":2,"minecraft:spider":2,"minecraft:zombie":8,"minecraft:stray":2,"minecraft:player":10},"minecraft:crafted":{"minecraft:spruce_planks":4,"minecraft:wooden_pickaxe":1,"minecraft:iron_sword":1,"minecraft:furnace":1,"minecraft:copper_ingot":9,"minecraft:bone_meal":12,"minecraft:air":0,"minecraft:iron_axe":1,"minecraft:stick":62,"minecraft:iron_pickaxe":1,"minecraft:iron_ingot":8,"minecraft:stone_pickaxe":1,"minecraft:iron_shovel":2,"minecraft:dark_oak_planks":8,"minecraft:torch":4},"minecraft:broken":{"minecraft:iron_shovel":1,"minecraft:wooden_sword":1},"minecraft:dropped":{"duckling:raw_duck":1,"minecraft:sweet_berries":16,"bountiful:bounty":1,"minecraft:wheat_seeds":1,"minecraft:dark_oak_sapling":26,"minecraft:feather":1,"minecraft:rotten_flesh":5,"twigs:pebble":32,"minecraft:tipped_arrow":1,"minecraft:arrow":1,"minecraft:stone_pickaxe":1,"minecraft:wooden_pickaxe":1,"twigs:twig":1,"minecraft:spruce_sapling":22}},"DataVersion":3465}