{"stats":{"minecraft:crafted":{"minecraft:black_dye":14,"mythicmetals:platinum_ingot":30,"usefulbackpacks:backpack_small":3,"minecraft:diamond_shovel":1,"minecraft:glass":114,"minecraft:iron_boots":1,"minecraft:chest":176,"minecraft:birch_door":3,"minecraft:rail":16,"minecraft:diamond_axe":2,"minecraft:crafting_table":3,"minecraft:spruce_planks":496,"minecraft:wooden_pickaxe":5,"minecraft:iron_helmet":1,"minecraft:copper_ingot":9,"minecraft:birch_planks":352,"rechiseled:chisel":1,"minecraft:dark_oak_slab":24,"minecraft:iron_chestplate":1,"minecraft:diamond_pickaxe":1,"minecraft:charcoal":73,"minecraft:shield":1,"mythicmetals:adamantite_sword":1,"minecraft:stick":422,"usefulbackpacks:backpack_large":1,"minecraft:iron_ingot":203,"minecraft:iron_pickaxe":1,"minecraft:iron_block":6,"minecraft:gold_ingot":47,"mythicmetals:manganese_ingot":22,"minecraft:dark_oak_fence_gate":45,"minecraft:shears":1,"minecraft:iron_nugget":81,"mythicmetals:quadrillum_ingot":9,"minecraft:furnace":2,"minecraft:dark_oak_trapdoor":10,"minecraft:bone_meal":12,"minecraft:lantern":10,"minecraft:dark_oak_fence":96,"mythicmetals:runite_ingot":5,"mythicmetals:adamantite_ingot":3,"minecraft:iron_axe":1,"minecraft:spruce_wood":3,"minecraft:iron_hoe":1,"minecraft:stone_pickaxe":1,"usefulbackpacks:backpack_medium":1,"minecraft:dark_oak_planks":2456,"minecraft:wheat":108,"minecraft:diamond_sword":1,"minecraft:dark_oak_stairs":208,"mythicmetals:carmot_ingot":5,"minecraft:iron_sword":1,"mythicmetals:silver_ingot":8,"minecraft:bucket":1,"minecraft:orange_dye":1,"minecraft:bread":36,"minecraft:air":0,"minecraft:black_stained_glass":96,"minecraft:white_wool":4,"minecraft:iron_shovel":2,"minecraft:iron_leggings":1,"minecraft:torch":132,"mythicmetals:orichalcum_ingot":6},"minecraft:broken":{"minecraft:iron_shovel":1,"minecraft:diamond_shovel":1,"minecraft:wooden_sword":1,"minecraft:iron_sword":1,"minecraft:diamond_axe":1,"minecraft:iron_axe":1,"minecraft:leather_boots":1,"minecraft:iron_pickaxe":1},"minecraft:dropped":{"minecraft:porkchop":8,"minecraft:diamond_axe":1,"minecraft:oak_log":1,"minecraft:glow_ink_sac":2,"minecraft:dark_oak_sapling":26,"minecraft:leather":2,"twigs:pebble":32,"minecraft:grass":6,"minecraft:dark_oak_log":45,"minecraft:mutton":12,"minecraft:bone_meal":12,"minecraft:white_wool":1,"twigs:twig":1,"twigs:azalea_flowers":1,"duckling:raw_duck":1,"minecraft:stone_axe":1,"bountiful:bounty":2,"minecraft:blackstone":9,"minecraft:cobbled_deepslate":2,"strangeberries:haste_berries":3,"minecraft:rotten_flesh":27,"minecraft:carrot":1,"minecraft:tipped_arrow":1,"minecraft:gunpowder":14,"minecraft:spruce_wood":3,"minecraft:arrow":6,"minecraft:beef":12,"minecraft:wheat_seeds":1,"strangeberries:invisibility_berries":5,"minecraft:feather":1,"minecraft:cobblestone":5,"minecraft:copper_ingot":6,"minecraft:torch":1,"minecraft:flowering_azalea":1,"minecraft:spruce_sapling":22,"minecraft:sweet_berries":16,"twigs:petrified_lichen":2,"minecraft:raw_copper":5,"minecraft:tuff":11,"minecraft:big_dripleaf":1,"minecraft:shield":1,"minecraft:spruce_planks":2,"basicweapons:iron_quarterstaff":1,"minecraft:spider_eye":4,"minecraft:stone_pickaxe":1,"minecraft:wooden_pickaxe":2},"minecraft:killed":{"minecraft:cave_spider":2,"minecraft:spider":46,"minecraft:skeleton":24,"artifacts:mimic":6,"minecraft:pig":2,"minecraft:creeper":12,"minecraft:sheep":10,"minecraft:zombie":84,"minecraft:stray":2,"minecraft:cow":30,"mythicmobs:chupacabra":4,"duckling:duck":2,"minecraft:bat":6,"mythicmobs:drake":2,"minecraft:squid":14,"minecraft:player":10,"minecraft:enderman":2},"minecraft:used":{"minecraft:moss_block":3,"minecraft:iron_shovel":298,"minecraft:chest":152,"minecraft:shield":50,"minecraft:white_terracotta":5,"minecraft:iron_sword":246,"mythicmetals:adamantite_sword":2,"minecraft:carrot":32,"minecraft:allium":8,"minecraft:tuff":1,"rechiseled:birch_planks_brick_pattern_connecting":4,"minecraft:glass":1,"minecraft:lantern":8,"minecraft:birch_sapling":31,"minecraft:dark_oak_slab":20,"minecraft:rabbit_stew":2,"basicweapons:iron_quarterstaff":9,"minecraft:magma_block":6,"minecraft:furnace":6,"minecraft:gray_bed":6,"minecraft:dark_oak_sapling":145,"minecraft:dark_oak_stairs":253,"rechiseled:birch_planks_mosaic":5,"minecraft:stone_pickaxe":54,"minecraft:blackstone":3,"minecraft:wooden_pickaxe":25,"rechiseled:spruce_planks_squares_connecting":285,"minecraft:diamond_axe":1036,"rechiseled:birch_planks_squares_connecting":260,"minecraft:dark_oak_trapdoor":10,"minecraft:glow_berries":7,"minecraft:blast_furnace":9,"rechiseled:spruce_planks_rotated_bricks_connecting":17,"minecraft:shears":6,"strangeberries:invisibility_berries":1,"minecraft:dark_oak_log":702,"minecraft:bread":94,"minecraft:diamond_sword":68,"minecraft:wooden_sword":60,"minecraft:dark_oak_fence":85,"minecraft:experience_bottle":2,"minecraft:spruce_planks":4,"minecraft:torch":108,"minecraft:dirt":73,"minecraft:birch_door":8,"minecraft:iron_hoe":79,"minecraft:dark_oak_planks":7,"minecraft:iron_axe":70,"minecraft:black_stained_glass":91,"rechiseled:birch_planks_rotated_bricks_connecting":12,"duckling:duck_egg":1,"minecraft:cobbled_deepslate":105,"strangeberries:resistance_berries":4,"minecraft:wheat_seeds":58,"minecraft:water_bucket":2,"minecraft:rail":7,"minecraft:stripped_dark_oak_log":74,"minecraft:crafting_table":13,"minecraft:dark_oak_fence_gate":50,"minecraft:spruce_log":10,"minecraft:diamond_pickaxe":345,"minecraft:apple":3,"strangeberries:haste_berries":2,"minecraft:diamond_shovel":1291,"minecraft:iron_pickaxe":253,"minecraft:tnt_minecart":3,"strangeberries:rotten_berries":2,"minecraft:spruce_sapling":8,"minecraft:stone_axe":30,"minecraft:cobblestone":30,"minecraft:bucket":3,"minecraft:pumpkin_pie":3,"twigs:pebble":1},"minecraft:killed_by":{"minecraft:creeper":1,"mythicmobs:chupacabra":1,"minecraft:player":5,"minecraft:stray":1,"minecraft:skeleton":2},"minecraft:custom":{"lootr:looted_stat":56,"minecraft:interact_with_crafting_table":96,"minecraft:open_barrel":2,"minecraft:bell_ring":1,"minecraft:leave_game":8,"minecraft:time_since_death":42027,"minecraft:sprint_one_cm":1091910,"minecraft:damage_blocked_by_shield":4005,"minecraft:drop":78,"minecraft:talked_to_villager":2,"minecraft:play_time":390833,"minecraft:deaths":12,"minecraft:jump":5251,"minecraft:walk_on_water_one_cm":33526,"minecraft:interact_with_furnace":70,"minecraft:interact_with_cartography_table":1,"minecraft:sleep_in_bed":13,"minecraft:damage_dealt":25237,"minecraft:player_kills":5,"minecraft:crouch_one_cm":57399,"minecraft:interact_with_smoker":3,"minecraft:inspect_dispenser":1,"minecraft:interact_with_smithing_table":1,"minecraft:mob_kills":125,"minecraft:interact_with_anvil":3,"minecraft:interact_with_campfire":4,"minecraft:climb_one_cm":1839,"minecraft:walk_one_cm":1552054,"minecraft:sneak_time":18898,"minecraft:walk_under_water_one_cm":37069,"minecraft:interact_with_blast_furnace":62,"minecraft:total_world_time":390833,"minecraft:interact_with_grindstone":1,"minecraft:interact_with_stonecutter":1,"minecraft:time_since_rest":12456,"minecraft:damage_taken":7836,"minecraft:swim_one_cm":51604,"minecraft:fly_one_cm":1162030,"minecraft:open_chest":16,"minecraft:fall_one_cm":159460},"minecraft:picked_up":{"minecraft:birch_door":6,"minecraft:wheat":20,"minecraft:anvil":1,"minecraft:smithing_table":1,"artifacts:bunny_hoppers":1,"minecraft:string":25,"minecraft:raw_copper":35,"minecraft:red_sand":114,"minecraft:tnt_minecart":3,"minecraft:cobbled_deepslate":111,"twigs:pebble":97,"minecraft:spruce_planks":7,"mythicmetals:raw_osmium":8,"minecraft:furnace":4,"minecraft:tipped_arrow":1,"minecraft:stick":47,"mythicmetals:raw_carmot":5,"minecraft:big_dripleaf":1,"minecraft:torch":32,"minecraft:porkchop":8,"mythicmetals:morkite":28,"minecraft:rotten_flesh":36,"mythicmetals:raw_manganese":22,"minecraft:white_terracotta":5,"minecraft:cobblestone":143,"minecraft:birch_log":88,"rechiseled:spruce_planks_rotated_bricks_connecting":17,"minecraft:magma_block":6,"minecraft:feather":1,"rechiseled:birch_planks_rotated_bricks_connecting":12,"minecraft:andesite":17,"minecraft:flint":25,"minecraft:tuff":13,"mythicmetals:raw_platinum":30,"minecraft:lapis_lazuli":22,"minecraft:dirt":1193,"minecraft:bone":8,"minecraft:orange_tulip":2,"minecraft:wheat_seeds":77,"minecraft:raw_gold":28,"minecraft:grindstone":1,"minecraft:fletching_table":1,"minecraft:moss_block":3,"twigs:twig":196,"mythicmetals:raw_silver":8,"duckling:duck_egg":1,"twigs:azalea_flowers":1,"mythicmetals:raw_quadrillum":9,"minecraft:ink_sac":14,"minecraft:grass_block":1,"minecraft:dark_oak_log":1658,"minecraft:diamond":29,"minecraft:grass":6,"minecraft:emerald":6,"minecraft:dark_oak_fence":35,"minecraft:crafting_table":10,"minecraft:allium":13,"twigs:petrified_lichen":2,"minecraft:wooden_pickaxe":1,"rechiseled:birch_planks_brick_pattern_connecting":4,"minecraft:moss_carpet":1,"artifacts:power_glove":1,"minecraft:blackstone":14,"mythicmetals:raw_adamantite":3,"minecraft:beef":27,"mythicmetals:raw_mythril":4,"minecraft:birch_sapling":31,"duckling:raw_duck":1,"minecraft:dark_oak_sapling":172,"mythicmetals:raw_orichalcum":6,"strangeberries:invisibility_berries":6,"rechiseled:birch_planks_squares_connecting":25,"minecraft:raw_iron":150,"minecraft:carrot":40,"minecraft:dark_oak_planks":5,"mythicmetals:raw_runite":5,"minecraft:arrow":8,"rechiseled:spruce_planks_squares_connecting":50,"minecraft:hay_block":12,"artifacts:cross_necklace":1,"minecraft:glow_berries":12,"minecraft:mutton":12,"minecraft:white_wool":17,"minecraft:rail":7,"minecraft:glow_ink_sac":5,"minecraft:leather":15,"minecraft:oak_log":1,"minecraft:gunpowder":10,"strangeberries:rotten_berries":2,"bountiful:bounty":1,"minecraft:apple":18,"minecraft:gray_bed":6,"minecraft:flowering_azalea":2,"minecraft:dark_oak_stairs":45,"minecraft:dark_oak_slab":1,"rechiseled:birch_planks_mosaic":5,"minecraft:sweet_berries":16,"minecraft:gravel":264,"minecraft:spruce_sapling":37,"minecraft:blast_furnace":11,"minecraft:spruce_log":138,"minecraft:dark_oak_fence_gate":6,"minecraft:spider_eye":4,"strangeberries:resistance_berries":4,"minecraft:diamond_axe":1,"minecraft:coal":28,"minecraft:stripped_dark_oak_log":94,"strangeberries:haste_berries":18},"minecraft:mined":{"minecraft:dark_oak_planks":7,"minerally:deepslate_gold_pile_0":3,"minerally:deepslate_emerald_crystal_0":2,"minerally:deepslate_gold_pile_1":3,"minecraft:spruce_planks":5,"minerally:deepslate_emerald_crystal_1":2,"mythicmetals:deepslate_morkite_ore":9,"minecraft:cave_vines_plant":5,"minecraft:red_sand":118,"minecraft:grass_block":616,"mythicmetals:deepslate_adamantite_ore":3,"rechiseled:birch_planks_brick_pattern_connecting":4,"twigs:twig":2,"minerally:geode":1,"mythicmetals:deepslate_orichalcum_ore":6,"minecraft:magma_block":6,"minecraft:iron_ore":67,"minerally:coal_rock":4,"minecraft:moss_carpet":1,"minecraft:anvil":1,"minecraft:fletching_table":1,"minecraft:deepslate_lapis_ore":1,"minecraft:dark_oak_stairs":45,"minecraft:cave_vines":12,"minerally:deepslate_coal_pile_0":2,"minecraft:small_amethyst_bud":1,"minerally:diamond_rock":3,"rechiseled:birch_planks_rotated_bricks_connecting":12,"minecraft:blackstone":15,"minecraft:medium_amethyst_bud":2,"twigs:azalea_flowers":1,"minecraft:torch":13,"minecraft:blast_furnace":11,"mythicmetals:deepslate_carmot_ore":5,"minerally:deepslate_coal_pile_1":2,"minerally:deepslate_emerald_crystal":2,"minecraft:glass":1,"minecraft:cobblestone":1,"minecraft:grindstone":1,"minecraft:oak_planks":1,"minecraft:wall_torch":18,"rechiseled:birch_planks_mosaic":5,"minecraft:deepslate_copper_ore":3,"minecraft:birch_sapling":6,"rechiseled:birch_planks_squares_connecting":25,"minecraft:white_terracotta":5,"minecraft:dark_oak_slab":1,"minecraft:wheat":22,"mythicmetals:manganese_ore":14,"minecraft:birch_door":4,"minecraft:orange_tulip":1,"minecraft:grass":87,"minecraft:oak_log":1,"minecraft:dark_oak_sapling":14,"minecraft:dirt":576,"mythicmetals:morkite_ore":6,"minecraft:smooth_basalt":1,"minecraft:oak_leaves":7,"minecraft:deepslate":113,"rechiseled:spruce_planks_squares_connecting":50,"minecraft:tuff":13,"minecraft:deepslate_diamond_ore":26,"farmersdelight:wild_carrots":9,"mythicmetals:osmium_ore":4,"minecraft:dark_oak_log":91,"minecraft:dark_oak_fence":35,"minecraft:allium":13,"mythicmetals:silver_ore":7,"minerally:deepslate_iron_pile_1":2,"rechiseled:spruce_planks_rotated_bricks_connecting":17,"minecraft:spruce_leaves":3,"minecraft:moss_block":3,"minerally:deepslate_lapis_pile_0":2,"minecraft:large_fern":5,"minecraft:hay_block":12,"minerally:deepslate_lapis_pile":2,"minecraft:spruce_sapling":1,"mythicmetals:quadrillum_ore":6,"minecraft:furnace":4,"minecraft:carrots":8,"minecraft:dark_oak_fence_gate":6,"minecraft:andesite":17,"mythicmetals:deepslate_mythril_ore":4,"minerally:deepslate_iron_pile":2,"minerally:deepslate_iron_pile_0":2,"minecraft:deepslate_iron_ore":31,"minerally:deepslate_gold_pile":3,"minecraft:rail":6,"minecraft:stone":148,"minecraft:smithing_table":1,"twigs:pebble":3,"minecraft:flowering_azalea":2,"mythicmetals:platinum_ore":20,"minecraft:stripped_dark_oak_log":94,"minecraft:crafting_table":10,"minecraft:tall_grass":27,"minecraft:copper_ore":9,"minecraft:deepslate_gold_ore":17,"minecraft:lapis_ore":1,"mythicmetals:deepslate_runite_ore":3,"minerally:lapis_rock":4,"minecraft:black_stained_glass":1,"minecraft:gray_bed":6,"minecraft:spruce_log":23,"minerally:iron_rock":2,"minerally:deepslate_coal_pile":2,"minecraft:coal_ore":18,"minecraft:gravel":296,"minecraft:cobweb":4,"minecraft:gold_ore":3,"minerally:deepslate_lapis_pile_1":2,"minecraft:fern":14}},"DataVersion":3465}