{"stats":{"minecraft:custom":{"lootr:looted_stat":22,"minecraft:mob_kills":28,"minecraft:interact_with_anvil":1,"minecraft:interact_with_crafting_table":27,"minecraft:open_barrel":1,"minecraft:interact_with_campfire":4,"minecraft:leave_game":1,"minecraft:time_since_death":19099,"minecraft:climb_one_cm":1741,"minecraft:sprint_one_cm":219214,"minecraft:walk_one_cm":257824,"minecraft:damage_blocked_by_shield":2610,"minecraft:drop":37,"minecraft:talked_to_villager":1,"minecraft:play_time":80949,"minecraft:deaths":6,"minecraft:sneak_time":5489,"minecraft:walk_under_water_one_cm":25210,"minecraft:jump":1167,"minecraft:walk_on_water_one_cm":13241,"minecraft:total_world_time":80949,"minecraft:interact_with_furnace":24,"minecraft:time_since_rest":19125,"minecraft:damage_taken":4234,"minecraft:damage_dealt":7758,"minecraft:player_kills":5,"minecraft:swim_one_cm":31257,"minecraft:fly_one_cm":210856,"minecraft:open_chest":6,"minecraft:crouch_one_cm":12663,"minecraft:interact_with_smoker":2,"minecraft:fall_one_cm":29534,"minecraft:inspect_dispenser":1},"minecraft:picked_up":{"minecraft:crafting_table":5,"minecraft:string":5,"minecraft:raw_copper":14,"minecraft:cobbled_deepslate":6,"twigs:pebble":97,"minecraft:spruce_planks":1,"minecraft:beef":3,"mythicmetals:raw_mythril":2,"duckling:raw_duck":1,"minecraft:furnace":3,"mythicmetals:raw_orichalcum":4,"minecraft:dark_oak_sapling":53,"minecraft:tipped_arrow":1,"minecraft:raw_iron":76,"minecraft:big_dripleaf":1,"minecraft:torch":1,"minecraft:porkchop":2,"mythicmetals:morkite":26,"minecraft:carrot":1,"minecraft:arrow":1,"minecraft:rotten_flesh":11,"minecraft:hay_block":12,"artifacts:cross_necklace":1,"minecraft:white_terracotta":5,"minecraft:mutton":10,"minecraft:white_wool":4,"minecraft:rail":1,"minecraft:cobblestone":33,"minecraft:magma_block":4,"minecraft:feather":1,"minecraft:andesite":17,"minecraft:leather":2,"minecraft:flint":25,"minecraft:gunpowder":2,"mythicmetals:raw_platinum":24,"minecraft:lapis_lazuli":9,"minecraft:dirt":14,"strangeberries:rotten_berries":2,"bountiful:bounty":1,"minecraft:apple":1,"minecraft:wheat_seeds":1,"minecraft:raw_gold":3,"twigs:twig":22,"mythicmetals:raw_silver":8,"duckling:duck_egg":1,"minecraft:sweet_berries":16,"minecraft:gravel":264,"twigs:azalea_flowers":1,"mythicmetals:raw_quadrillum":9,"minecraft:spruce_sapling":25,"minecraft:spruce_log":31,"minecraft:spider_eye":1,"minecraft:dark_oak_log":19,"strangeberries:haste_berries":10,"minecraft:coal":15},"minecraft:killed_by":{"minecraft:player":2,"minecraft:stray":1,"mythicmobs:chupacabra":1,"minecraft:skeleton":1},"minecraft:used":{"minecraft:iron_shovel":298,"minecraft:shield":34,"minecraft:white_terracotta":5,"minecraft:iron_sword":100,"minecraft:torch":23,"minecraft:dirt":14,"minecraft:iron_axe":4,"minecraft:magma_block":4,"minecraft:furnace":4,"duckling:duck_egg":1,"minecraft:cobbled_deepslate":3,"minecraft:stone_pickaxe":54,"minecraft:wooden_pickaxe":3,"minecraft:rail":1,"minecraft:crafting_table":6,"minecraft:spruce_log":10,"minecraft:diamond_pickaxe":6,"minecraft:apple":3,"strangeberries:haste_berries":2,"minecraft:bread":24,"minecraft:iron_pickaxe":174,"strangeberries:rotten_berries":2,"minecraft:spruce_sapling":3,"minecraft:stone_axe":30,"minecraft:wooden_sword":60,"minecraft:cobblestone":17,"twigs:pebble":1},"minecraft:mined":{"minecraft:spruce_planks":1,"mythicmetals:deepslate_morkite_ore":8,"minecraft:grass_block":11,"mythicmetals:silver_ore":7,"twigs:twig":2,"minecraft:spruce_leaves":3,"minecraft:hay_block":12,"mythicmetals:deepslate_orichalcum_ore":4,"minecraft:magma_block":4,"minecraft:spruce_sapling":1,"mythicmetals:quadrillum_ore":6,"minecraft:furnace":3,"minecraft:iron_ore":63,"minerally:coal_rock":1,"minecraft:andesite":17,"mythicmetals:deepslate_mythril_ore":2,"minecraft:deepslate_iron_ore":13,"minecraft:stone":39,"twigs:pebble":3,"mythicmetals:platinum_ore":16,"minecraft:medium_amethyst_bud":1,"twigs:azalea_flowers":1,"minecraft:crafting_table":5,"minecraft:tall_grass":2,"minecraft:copper_ore":4,"minecraft:lapis_ore":1,"minerally:lapis_rock":1,"minecraft:wall_torch":1,"minecraft:deepslate_copper_ore":3,"minecraft:white_terracotta":5,"minecraft:spruce_log":18,"minecraft:grass":4,"minecraft:coal_ore":16,"minecraft:dirt":3,"minecraft:gravel":296,"mythicmetals:morkite_ore":6,"minecraft:cobweb":4,"minecraft:gold_ore":3,"minecraft:deepslate":9,"minecraft:oak_leaves":2},"minecraft:crafted":{"usefulbackpacks:backpack_small":1,"minecraft:furnace":1,"minecraft:bone_meal":12,"minecraft:iron_boots":1,"minecraft:iron_axe":1,"minecraft:spruce_wood":3,"minecraft:stone_pickaxe":1,"minecraft:dark_oak_planks":8,"minecraft:crafting_table":1,"minecraft:spruce_planks":16,"minecraft:wooden_pickaxe":1,"minecraft:iron_sword":1,"minecraft:copper_ingot":9,"minecraft:air":0,"minecraft:iron_chestplate":1,"minecraft:diamond_pickaxe":1,"minecraft:shield":1,"minecraft:stick":66,"minecraft:iron_ingot":21,"minecraft:iron_pickaxe":1,"minecraft:iron_shovel":2,"minecraft:torch":20},"minecraft:killed":{"minecraft:cave_spider":2,"minecraft:spider":8,"mythicmobs:chupacabra":2,"artifacts:mimic":2,"minecraft:pig":2,"duckling:duck":2,"minecraft:sheep":8,"minecraft:zombie":24,"minecraft:stray":2,"minecraft:player":10,"minecraft:cow":4},"minecraft:broken":{"minecraft:iron_shovel":1,"minecraft:wooden_sword":1,"minecraft:leather_boots":1},"minecraft:dropped":{"minecraft:porkchop":2,"minecraft:wheat_seeds":1,"minecraft:dark_oak_sapling":26,"minecraft:feather":1,"minecraft:cobblestone":5,"minecraft:copper_ingot":6,"twigs:pebble":32,"minecraft:mutton":10,"minecraft:bone_meal":12,"minecraft:spruce_sapling":22,"twigs:twig":1,"twigs:azalea_flowers":1,"duckling:raw_duck":1,"minecraft:stone_axe":1,"bountiful:bounty":2,"minecraft:sweet_berries":16,"minecraft:cobbled_deepslate":1,"minecraft:raw_copper":5,"minecraft:rotten_flesh":11,"minecraft:carrot":1,"minecraft:big_dripleaf":1,"minecraft:tipped_arrow":1,"minecraft:shield":1,"minecraft:gunpowder":8,"minecraft:spruce_wood":3,"minecraft:spider_eye":1,"minecraft:arrow":1,"minecraft:beef":3,"minecraft:stone_pickaxe":1,"minecraft:wooden_pickaxe":1}},"DataVersion":3465}