{"stats":{"minecraft:picked_up":{"minecraft:crafting_table":7,"twigs:petrified_lichen":2,"artifacts:bunny_hoppers":1,"minecraft:wooden_pickaxe":1,"minecraft:string":14,"minecraft:moss_carpet":1,"minecraft:raw_copper":18,"artifacts:power_glove":1,"minecraft:blackstone":12,"mythicmetals:raw_adamantite":3,"minecraft:tnt_minecart":3,"minecraft:cobbled_deepslate":111,"twigs:pebble":97,"minecraft:spruce_planks":1,"minecraft:beef":16,"mythicmetals:raw_mythril":4,"strangeberries:invisibility_berries":6,"duckling:raw_duck":1,"minecraft:furnace":4,"mythicmetals:raw_orichalcum":6,"minecraft:dark_oak_sapling":53,"minecraft:tipped_arrow":1,"minecraft:raw_iron":150,"mythicmetals:raw_carmot":5,"minecraft:big_dripleaf":1,"minecraft:torch":9,"minecraft:porkchop":2,"mythicmetals:morkite":28,"minecraft:carrot":1,"mythicmetals:raw_manganese":22,"mythicmetals:raw_runite":5,"minecraft:arrow":6,"minecraft:rotten_flesh":20,"minecraft:hay_block":12,"artifacts:cross_necklace":1,"minecraft:white_terracotta":5,"minecraft:glow_berries":12,"minecraft:mutton":12,"minecraft:white_wool":9,"minecraft:rail":7,"minecraft:cobblestone":61,"minecraft:magma_block":6,"minecraft:feather":1,"minecraft:glow_ink_sac":5,"minecraft:andesite":17,"minecraft:leather":8,"minecraft:flint":25,"minecraft:tuff":13,"minecraft:gunpowder":2,"mythicmetals:raw_platinum":30,"minecraft:lapis_lazuli":22,"minecraft:dirt":21,"strangeberries:rotten_berries":2,"minecraft:bone":5,"bountiful:bounty":1,"minecraft:apple":1,"minecraft:wheat_seeds":1,"minecraft:raw_gold":28,"minecraft:moss_block":3,"minecraft:gray_bed":3,"twigs:twig":22,"mythicmetals:raw_silver":8,"minecraft:flowering_azalea":2,"duckling:duck_egg":1,"minecraft:sweet_berries":16,"minecraft:gravel":264,"twigs:azalea_flowers":1,"mythicmetals:raw_quadrillum":9,"minecraft:spruce_sapling":25,"minecraft:blast_furnace":4,"minecraft:spruce_log":36,"minecraft:spider_eye":3,"minecraft:dark_oak_log":19,"strangeberries:resistance_berries":4,"minecraft:diamond":29,"minecraft:emerald":6,"strangeberries:haste_berries":15,"minecraft:coal":26},"minecraft:custom":{"minecraft:interact_with_smithing_table":1,"lootr:looted_stat":53,"minecraft:mob_kills":74,"minecraft:interact_with_anvil":3,"minecraft:interact_with_crafting_table":38,"minecraft:open_barrel":2,"minecraft:interact_with_campfire":4,"minecraft:leave_game":1,"minecraft:time_since_death":56335,"minecraft:climb_one_cm":1839,"minecraft:sprint_one_cm":529501,"minecraft:walk_one_cm":503148,"minecraft:damage_blocked_by_shield":3750,"minecraft:drop":62,"minecraft:talked_to_villager":2,"minecraft:play_time":158816,"minecraft:deaths":8,"minecraft:sneak_time":7709,"minecraft:walk_under_water_one_cm":27156,"minecraft:jump":2597,"minecraft:interact_with_blast_furnace":3,"minecraft:walk_on_water_one_cm":23933,"minecraft:total_world_time":158816,"minecraft:interact_with_furnace":31,"minecraft:interact_with_cartography_table":1,"minecraft:interact_with_grindstone":1,"minecraft:interact_with_stonecutter":1,"minecraft:sleep_in_bed":1,"minecraft:time_since_rest":13597,"minecraft:damage_taken":6411,"minecraft:damage_dealt":16275,"minecraft:player_kills":5,"minecraft:swim_one_cm":44567,"minecraft:fly_one_cm":468561,"minecraft:open_chest":7,"minecraft:crouch_one_cm":19829,"minecraft:interact_with_smoker":3,"minecraft:fall_one_cm":70805,"minecraft:inspect_dispenser":1},"minecraft:killed_by":{"minecraft:player":2,"minecraft:stray":1,"minecraft:creeper":1,"mythicmobs:chupacabra":1,"minecraft:skeleton":2},"minecraft:used":{"minecraft:moss_block":3,"minecraft:iron_shovel":298,"minecraft:shield":45,"minecraft:white_terracotta":5,"minecraft:iron_sword":246,"minecraft:torch":60,"minecraft:dirt":17,"minecraft:tuff":1,"minecraft:iron_axe":10,"basicweapons:iron_quarterstaff":9,"minecraft:rabbit_stew":2,"minecraft:magma_block":6,"minecraft:furnace":4,"duckling:duck_egg":1,"minecraft:gray_bed":2,"minecraft:cobbled_deepslate":105,"strangeberries:resistance_berries":4,"minecraft:stone_pickaxe":54,"minecraft:blackstone":3,"minecraft:wooden_pickaxe":25,"minecraft:glow_berries":7,"minecraft:rail":7,"minecraft:crafting_table":8,"minecraft:spruce_log":10,"minecraft:diamond_pickaxe":231,"minecraft:apple":3,"strangeberries:invisibility_berries":1,"strangeberries:haste_berries":2,"minecraft:bread":52,"minecraft:tnt_minecart":3,"minecraft:iron_pickaxe":253,"strangeberries:rotten_berries":2,"minecraft:spruce_sapling":3,"minecraft:stone_axe":30,"minecraft:wooden_sword":60,"minecraft:cobblestone":30,"minecraft:pumpkin_pie":3,"twigs:pebble":1,"minecraft:experience_bottle":2},"minecraft:mined":{"minerally:deepslate_emerald_crystal_0":2,"minerally:deepslate_gold_pile_0":3,"minerally:deepslate_gold_pile_1":3,"minecraft:tuff":13,"minecraft:spruce_planks":1,"minerally:deepslate_emerald_crystal_1":2,"minecraft:deepslate_diamond_ore":26,"mythicmetals:deepslate_morkite_ore":9,"minecraft:cave_vines_plant":5,"minecraft:grass_block":14,"mythicmetals:silver_ore":7,"mythicmetals:deepslate_adamantite_ore":3,"twigs:twig":2,"minerally:deepslate_iron_pile_1":2,"minecraft:spruce_leaves":3,"minecraft:moss_block":3,"minerally:deepslate_lapis_pile_0":2,"minecraft:large_fern":1,"minerally:geode":1,"minecraft:hay_block":12,"mythicmetals:deepslate_orichalcum_ore":6,"minerally:deepslate_lapis_pile":2,"minecraft:magma_block":6,"minecraft:spruce_sapling":1,"mythicmetals:quadrillum_ore":6,"minecraft:furnace":4,"minecraft:iron_ore":67,"minerally:coal_rock":4,"minecraft:andesite":17,"minecraft:moss_carpet":1,"mythicmetals:deepslate_mythril_ore":4,"minecraft:deepslate_lapis_ore":1,"minerally:deepslate_iron_pile":2,"minerally:deepslate_iron_pile_0":2,"minecraft:rail":6,"minecraft:cave_vines":12,"minerally:deepslate_coal_pile_0":2,"minerally:deepslate_gold_pile":3,"minecraft:deepslate_iron_ore":31,"minerally:diamond_rock":3,"minecraft:stone":67,"minecraft:flowering_azalea":2,"twigs:pebble":3,"mythicmetals:platinum_ore":20,"minecraft:blackstone":13,"minecraft:medium_amethyst_bud":1,"twigs:azalea_flowers":1,"minecraft:crafting_table":7,"minecraft:torch":7,"minecraft:blast_furnace":4,"mythicmetals:deepslate_carmot_ore":5,"minerally:deepslate_coal_pile_1":2,"minerally:deepslate_emerald_crystal":2,"minecraft:tall_grass":4,"minecraft:copper_ore":5,"minecraft:deepslate_gold_ore":17,"minecraft:lapis_ore":1,"minecraft:oak_planks":1,"mythicmetals:deepslate_runite_ore":3,"minerally:lapis_rock":4,"minecraft:wall_torch":2,"minecraft:deepslate_copper_ore":3,"minecraft:white_terracotta":5,"mythicmetals:manganese_ore":14,"minecraft:gray_bed":3,"minecraft:spruce_log":23,"minerally:iron_rock":2,"minerally:deepslate_coal_pile":2,"minecraft:grass":5,"minecraft:coal_ore":16,"minecraft:dirt":7,"minecraft:gravel":296,"mythicmetals:morkite_ore":6,"minecraft:cobweb":4,"minecraft:smooth_basalt":1,"minecraft:gold_ore":3,"minerally:deepslate_lapis_pile_1":2,"minecraft:deepslate":113,"minecraft:oak_leaves":2},"minecraft:crafted":{"usefulbackpacks:backpack_small":1,"minecraft:furnace":1,"minecraft:bone_meal":12,"minecraft:iron_boots":1,"minecraft:iron_axe":1,"minecraft:spruce_wood":3,"minecraft:stone_pickaxe":1,"minecraft:rail":16,"minecraft:dark_oak_planks":8,"minecraft:wheat":108,"minecraft:crafting_table":1,"minecraft:spruce_planks":36,"minecraft:wooden_pickaxe":5,"minecraft:iron_helmet":1,"minecraft:iron_sword":1,"minecraft:copper_ingot":9,"minecraft:bread":36,"minecraft:air":0,"minecraft:white_wool":1,"minecraft:iron_chestplate":1,"minecraft:diamond_pickaxe":1,"minecraft:shield":1,"minecraft:stick":74,"minecraft:iron_ingot":54,"minecraft:iron_pickaxe":1,"minecraft:iron_block":6,"minecraft:iron_shovel":2,"minecraft:iron_leggings":1,"minecraft:torch":48,"minecraft:shears":1},"minecraft:killed":{"minecraft:cave_spider":2,"minecraft:spider":26,"minecraft:skeleton":18,"mythicmobs:chupacabra":4,"artifacts:mimic":6,"minecraft:pig":2,"duckling:duck":2,"minecraft:bat":6,"minecraft:sheep":10,"minecraft:zombie":50,"minecraft:stray":2,"minecraft:player":10,"minecraft:cow":20},"minecraft:broken":{"minecraft:iron_shovel":1,"minecraft:wooden_sword":1,"minecraft:leather_boots":1,"minecraft:iron_sword":1,"minecraft:iron_pickaxe":1},"minecraft:dropped":{"minecraft:porkchop":2,"minecraft:wheat_seeds":1,"minecraft:glow_ink_sac":2,"strangeberries:invisibility_berries":5,"minecraft:dark_oak_sapling":26,"minecraft:feather":1,"minecraft:cobblestone":5,"minecraft:leather":2,"minecraft:copper_ingot":6,"twigs:pebble":32,"minecraft:torch":1,"minecraft:mutton":12,"minecraft:bone_meal":12,"minecraft:flowering_azalea":1,"minecraft:white_wool":1,"minecraft:spruce_sapling":22,"twigs:twig":1,"twigs:azalea_flowers":1,"duckling:raw_duck":1,"minecraft:blackstone":9,"minecraft:stone_axe":1,"bountiful:bounty":2,"minecraft:sweet_berries":16,"twigs:petrified_lichen":2,"minecraft:cobbled_deepslate":2,"minecraft:raw_copper":5,"minecraft:tuff":11,"minecraft:rotten_flesh":17,"minecraft:carrot":1,"minecraft:big_dripleaf":1,"minecraft:tipped_arrow":1,"minecraft:shield":1,"minecraft:gunpowder":8,"basicweapons:iron_quarterstaff":1,"minecraft:spruce_wood":3,"minecraft:spider_eye":3,"minecraft:arrow":6,"minecraft:beef":12,"minecraft:stone_pickaxe":1,"minecraft:wooden_pickaxe":2}},"DataVersion":3465}