{"stats":{"minecraft:picked_up":{"minecraft:crafting_table":1,"twigs:petrified_lichen":2,"farmersdelight:rice":9,"minecraft:clay_ball":4,"minecraft:leather":4,"minecraft:diamond_sword":2,"minecraft:tuff":3,"minecraft:oak_log":4,"minecraft:lapis_lazuli":1,"minecraft:string":2,"minecraft:raw_copper":5,"minecraft:cobbled_deepslate_wall":1,"minecraft:cobbled_deepslate":65,"minecraft:spore_blossom":3,"minecraft:beef":13,"minecraft:observer":1,"twigs:twig":2,"duckling:duck_egg":3,"minecraft:raw_iron":45,"minecraft:sweet_berries":7,"minecraft:chiseled_stone_bricks":8,"minecraft:torch":11,"minecraft:birch_stairs":1,"minecraft:diamond_block":1,"minecraft:dark_oak_log":4,"minecraft:arrow":2,"minecraft:purple_bed":1,"minecraft:rotten_flesh":2,"minecraft:diamond":7,"minecraft:birch_sign":4,"minecraft:mutton":1,"minecraft:coal":18,"strangeberries:haste_berries":5,"minecraft:white_wool":1,"minecraft:cobblestone":81},"minecraft:custom":{"minecraft:interact_with_furnace":8,"lootr:looted_stat":39,"minecraft:mob_kills":18,"minecraft:interact_with_cartography_table":1,"minecraft:interact_with_crafting_table":17,"minecraft:open_barrel":3,"minecraft:time_since_death":83978,"minecraft:sleep_in_bed":2,"minecraft:climb_one_cm":7187,"minecraft:time_since_rest":10975,"minecraft:sprint_one_cm":222519,"minecraft:walk_one_cm":355016,"minecraft:damage_taken":802,"minecraft:damage_blocked_by_shield":915,"minecraft:drop":36,"minecraft:damage_dealt":2449,"minecraft:swim_one_cm":4328,"minecraft:talked_to_villager":3,"minecraft:target_hit":1,"minecraft:fly_one_cm":70878,"minecraft:open_chest":8,"minecraft:crouch_one_cm":684,"minecraft:play_time":83978,"minecraft:sneak_time":309,"minecraft:walk_under_water_one_cm":176,"minecraft:jump":801,"minecraft:interact_with_blast_furnace":2,"minecraft:walk_on_water_one_cm":2942,"minecraft:total_world_time":83978,"minecraft:fall_one_cm":7496},"minecraft:used":{"minecraft:cobbled_deepslate_wall":1,"minecraft:stone_sword":6,"minecraft:stone_pickaxe":90,"minecraft:wooden_pickaxe":8,"minecraft:shield":12,"minecraft:diamond_axe":4,"minecraft:iron_sword":4,"minecraft:torch":33,"minecraft:crafting_table":4,"minecraft:fern":1,"strangeberries:haste_berries":1,"minecraft:iron_axe":6,"minecraft:bread":19,"minecraft:iron_pickaxe":239,"minecraft:stone_axe":2,"minecraft:diamond_sword":43,"minecraft:bow":7,"minecraft:furnace":3,"duckling:duck_egg":3,"minecraft:cooked_beef":3,"minecraft:cobbled_deepslate":21,"minecraft:chainmail_leggings":1},"minecraft:mined":{"minecraft:birch_stairs":1,"minecraft:tuff":3,"minecraft:deepslate_diamond_ore":7,"minecraft:dark_oak_log":4,"philipsruins:bone_bricks":1,"philipsruins:bone_chunk_block":1,"minecraft:clay":2,"minecraft:cobbled_deepslate_wall":1,"minecraft:crafting_table":1,"minecraft:torch":4,"philipsruins:cracked_bone":1,"minecraft:grass_block":3,"twigs:petrified_lichen":1,"minecraft:tall_grass":6,"minecraft:copper_ore":2,"rare-ice:rare_ice":2,"minecraft:moss_block":2,"minerally:lapis_rock":1,"minecraft:wall_torch":6,"minecraft:spawner":1,"minecraft:large_fern":1,"minecraft:spore_blossom":2,"minecraft:purple_bed":1,"minecraft:iron_ore":4,"minecraft:sweet_berry_bush":1,"minerally:iron_rock":1,"minecraft:diamond_block":1,"minecraft:oak_log":4,"minecraft:cocoa":1,"minecraft:grass":4,"minecraft:coal_ore":19,"minecraft:vine":5,"minecraft:deepslate_iron_ore":41,"minecraft:dirt":16,"minecraft:birch_wall_sign":1,"minecraft:cobweb":1,"minecraft:bamboo":1,"minecraft:stone":168,"minecraft:deepslate":64},"minecraft:killed":{"minecraft:spider":2,"minecraft:bat":2,"minecraft:sheep":2,"minecraft:skeleton":12,"minecraft:pillager":2,"minecraft:zombie":2,"minecraft:cow":12,"minecraft:enderman":2},"minecraft:crafted":{"minecraft:crafting_table":3,"minecraft:spruce_planks":40,"minecraft:wooden_pickaxe":1,"minecraft:iron_sword":1,"minecraft:furnace":3,"minecraft:stone_axe":1,"minecraft:air":0,"minecraft:diamond":9,"minecraft:charcoal":4,"minecraft:stick":24,"minecraft:iron_ingot":6,"minecraft:iron_pickaxe":2,"minecraft:stone_pickaxe":1,"minecraft:stone_sword":1,"minecraft:torch":40},"minecraft:dropped":{"twigs:petrified_lichen":2,"minecraft:iron_nugget":8,"minecraft:cobbled_deepslate":28,"minecraft:spore_blossom":3,"farmersdelight:cabbage_seeds":3,"minecraft:rotten_flesh":2,"minecraft:observer":1,"minecraft:pumpkin_seeds":2,"farmersdelight:rice":18,"minecraft:chiseled_stone_bricks":8,"minecraft:potato":1,"minecraft:leather_boots":1,"minecraft:iron_leggings":1,"minecraft:birch_sign":4,"minecraft:wooden_sword":1,"minecraft:wooden_pickaxe":1,"minecraft:iron_pickaxe":1,"minecraft:chainmail_leggings":1,"minecraft:birch_stairs":1,"twigs:twig":2}},"DataVersion":3465}