{"stats":{"minecraft:picked_up":{"minecraft:crafting_table":1,"twigs:petrified_lichen":2,"farmersdelight:rice":9,"minecraft:clay_ball":4,"minecraft:tuff":3,"minecraft:lapis_lazuli":1,"minecraft:string":2,"minecraft:raw_copper":5,"minecraft:cobbled_deepslate_wall":1,"minecraft:cobbled_deepslate":45,"minecraft:spore_blossom":3,"twigs:twig":2,"minecraft:raw_iron":42,"minecraft:sweet_berries":7,"minecraft:torch":3,"minecraft:birch_stairs":1,"minecraft:dark_oak_log":4,"minecraft:purple_bed":1,"minecraft:rotten_flesh":2,"minecraft:diamond":2,"minecraft:birch_sign":4,"minecraft:coal":4,"strangeberries:haste_berries":5,"minecraft:cobblestone":14},"minecraft:custom":{"minecraft:interact_with_furnace":7,"lootr:looted_stat":17,"minecraft:mob_kills":3,"minecraft:interact_with_cartography_table":1,"minecraft:interact_with_crafting_table":13,"minecraft:open_barrel":3,"minecraft:time_since_death":47978,"minecraft:sleep_in_bed":1,"minecraft:climb_one_cm":4374,"minecraft:time_since_rest":43092,"minecraft:sprint_one_cm":91055,"minecraft:walk_one_cm":220835,"minecraft:damage_taken":221,"minecraft:damage_blocked_by_shield":225,"minecraft:drop":29,"minecraft:damage_dealt":469,"minecraft:talked_to_villager":3,"minecraft:target_hit":1,"minecraft:fly_one_cm":22440,"minecraft:open_chest":7,"minecraft:crouch_one_cm":568,"minecraft:play_time":47978,"minecraft:sneak_time":247,"minecraft:jump":337,"minecraft:interact_with_blast_furnace":2,"minecraft:walk_on_water_one_cm":2467,"minecraft:total_world_time":47978,"minecraft:fall_one_cm":3038},"minecraft:used":{"minecraft:cobbled_deepslate_wall":1,"minecraft:stone_sword":6,"minecraft:stone_pickaxe":90,"minecraft:wooden_pickaxe":8,"minecraft:shield":1,"minecraft:iron_sword":4,"minecraft:torch":20,"minecraft:crafting_table":3,"minecraft:fern":1,"minecraft:iron_axe":6,"minecraft:bread":6,"minecraft:iron_pickaxe":19,"minecraft:stone_axe":2,"minecraft:diamond_sword":1,"minecraft:bow":2,"minecraft:furnace":2,"minecraft:cobbled_deepslate":21,"minecraft:chainmail_leggings":1},"minecraft:mined":{"minecraft:birch_stairs":1,"minecraft:tuff":3,"minecraft:deepslate_diamond_ore":2,"minecraft:dark_oak_log":4,"minecraft:clay":1,"minecraft:cobbled_deepslate_wall":1,"minecraft:crafting_table":1,"minecraft:torch":1,"twigs:petrified_lichen":1,"minecraft:tall_grass":6,"minecraft:copper_ore":2,"minerally:lapis_rock":1,"minecraft:wall_torch":1,"minecraft:spawner":1,"minecraft:large_fern":1,"minecraft:spore_blossom":1,"minecraft:purple_bed":1,"minecraft:iron_ore":2,"minecraft:sweet_berry_bush":1,"minerally:iron_rock":1,"minecraft:grass":4,"minecraft:coal_ore":4,"minecraft:deepslate_iron_ore":40,"minecraft:birch_wall_sign":1,"minecraft:cobweb":1,"minecraft:stone":14,"minecraft:deepslate":44},"minecraft:killed":{"minecraft:spider":2,"minecraft:bat":2,"minecraft:zombie":2},"minecraft:crafted":{"minecraft:crafting_table":2,"minecraft:spruce_planks":40,"minecraft:wooden_pickaxe":1,"minecraft:iron_sword":1,"minecraft:furnace":2,"minecraft:stone_axe":1,"minecraft:air":0,"minecraft:charcoal":4,"minecraft:stick":20,"minecraft:iron_ingot":6,"minecraft:iron_pickaxe":1,"minecraft:stone_pickaxe":1,"minecraft:stone_sword":1,"minecraft:torch":40},"minecraft:dropped":{"twigs:petrified_lichen":2,"minecraft:iron_nugget":8,"minecraft:spore_blossom":3,"farmersdelight:cabbage_seeds":3,"minecraft:rotten_flesh":2,"minecraft:pumpkin_seeds":2,"farmersdelight:rice":18,"minecraft:potato":1,"minecraft:leather_boots":1,"minecraft:birch_sign":4,"minecraft:wooden_sword":1,"minecraft:wooden_pickaxe":1,"minecraft:chainmail_leggings":1,"minecraft:birch_stairs":1,"twigs:twig":2}},"DataVersion":3465}