{"stats":{"minecraft:crafted":{"minecraft:oak_planks":32,"usefulbackpacks:backpack_small":1,"minecraft:furnace":3,"runes:arcane_stone":2,"minecraft:diamond":9,"minecraft:diamond_helmet":1,"minecraft:stone_pickaxe":1,"minecraft:diamond_boots":1,"usefulbackpacks:backpack_medium":1,"mythicmetals:osmium_ingot":7,"minecraft:crafting_table":3,"minecraft:spruce_planks":40,"minecraft:wooden_pickaxe":1,"minecraft:iron_sword":1,"minecraft:stone_axe":1,"minecraft:air":0,"minecraft:white_wool":3,"minecraft:charcoal":4,"minecraft:stick":34,"usefulbackpacks:backpack_large":1,"minecraft:iron_ingot":51,"minecraft:iron_pickaxe":2,"minecraft:stone_sword":1,"minecraft:torch":40,"minecraft:shears":2},"minecraft:custom":{"lootr:looted_stat":53,"minecraft:mob_kills":44,"minecraft:interact_with_crafting_table":28,"minecraft:open_barrel":3,"minecraft:leave_game":4,"minecraft:time_since_death":418,"minecraft:climb_one_cm":12678,"minecraft:sprint_one_cm":597113,"minecraft:walk_one_cm":582235,"minecraft:damage_blocked_by_shield":1210,"minecraft:drop":51,"minecraft:talked_to_villager":4,"minecraft:target_hit":1,"minecraft:play_time":162783,"minecraft:deaths":2,"minecraft:sneak_time":504,"minecraft:walk_under_water_one_cm":279,"minecraft:jump":2053,"minecraft:interact_with_blast_furnace":2,"minecraft:walk_on_water_one_cm":7145,"minecraft:total_world_time":162783,"minecraft:interact_with_furnace":16,"minecraft:interact_with_cartography_table":1,"minecraft:sleep_in_bed":4,"minecraft:time_since_rest":419,"minecraft:damage_taken":1648,"minecraft:damage_dealt":5948,"minecraft:swim_one_cm":5519,"minecraft:fly_one_cm":337928,"minecraft:open_chest":11,"minecraft:crouch_one_cm":1533,"minecraft:fall_one_cm":33859},"minecraft:killed_by":{"minecraft:player":1},"minecraft:dropped":{"minecraft:wheat_seeds":5,"minecraft:spore_blossom":3,"minecraft:observer":1,"minecraft:rail":2,"minecraft:coal":1,"farmersdelight:rice":18,"minecraft:tnt_minecart":2,"minecraft:iron_leggings":1,"minecraft:wooden_sword":1,"minecraft:iron_pickaxe":1,"minecraft:chainmail_leggings":1,"minecraft:birch_stairs":1,"twigs:twig":2,"minecraft:bone":2,"duckling:raw_duck":1,"twigs:petrified_lichen":2,"minecraft:iron_nugget":8,"minecraft:cobbled_deepslate":28,"farmersdelight:cabbage_seeds":3,"minecraft:rotten_flesh":3,"minecraft:pumpkin_seeds":2,"minecraft:chiseled_stone_bricks":8,"minecraft:potato":1,"minecraft:leather_boots":1,"minecraft:birch_sign":4,"minecraft:bow":1,"minecraft:wooden_pickaxe":1},"minecraft:picked_up":{"twigs:petrified_lichen":2,"minecraft:crafting_table":1,"minecraft:clay_ball":4,"minecraft:diamond_sword":2,"minecraft:string":2,"minecraft:raw_copper":5,"minecraft:tnt_minecart":2,"minecraft:cobbled_deepslate":65,"minecraft:beef":34,"mythicmetals:raw_osmium":10,"minecraft:observer":1,"duckling:raw_duck":1,"minecraft:raw_iron":47,"minecraft:torch":11,"minecraft:rotten_flesh":5,"minecraft:arrow":2,"minecraft:mutton":4,"minecraft:white_wool":16,"minecraft:rail":2,"minecraft:cobblestone":84,"farmersdelight:rice":9,"minecraft:brown_wool":6,"minecraft:leather":15,"minecraft:fern":2,"minecraft:oak_log":8,"minecraft:tuff":3,"minecraft:gunpowder":2,"minecraft:lapis_lazuli":1,"minecraft:dirt":23,"minecraft:bone":4,"minecraft:bow":2,"minecraft:wheat_seeds":5,"minecraft:cobbled_deepslate_wall":1,"minecraft:spore_blossom":3,"twigs:twig":3,"duckling:duck_egg":4,"minecraft:book":9,"minecraft:sweet_berries":7,"minecraft:chiseled_stone_bricks":8,"minecraft:birch_stairs":1,"minecraft:amethyst_shard":64,"minecraft:diamond_block":1,"minecraft:dark_oak_log":4,"minecraft:purple_bed":3,"minecraft:diamond":7,"minecraft:birch_sign":4,"minecraft:emerald":1,"minecraft:black_wool":6,"strangeberries:haste_berries":12,"minecraft:coal":37},"minecraft:used":{"minecraft:stone_sword":6,"minecraft:shield":16,"minecraft:iron_sword":4,"minecraft:torch":33,"minecraft:dirt":9,"minecraft:fern":3,"minecraft:iron_axe":6,"minecraft:bow":19,"minecraft:furnace":3,"duckling:duck_egg":4,"minecraft:cooked_beef":15,"minecraft:cobbled_deepslate":21,"minecraft:cobbled_deepslate_wall":1,"minecraft:stone_pickaxe":90,"minecraft:wooden_pickaxe":8,"minecraft:diamond_axe":11,"minecraft:crafting_table":4,"strangeberries:haste_berries":4,"minecraft:bread":23,"minecraft:iron_pickaxe":293,"minecraft:stone_axe":2,"minecraft:diamond_sword":106,"minecraft:purple_bed":2,"minecraft:chainmail_leggings":1},"minecraft:killed":{"minecraft:spider":2,"minecraft:skeleton":16,"minecraft:horse":2,"mythicmobs:chupacabra":2,"minecraft:zombie_villager":8,"minecraft:bat":2,"minecraft:creeper":4,"minecraft:sheep":6,"minecraft:pillager":2,"minecraft:zombie":12,"minecraft:cow":30,"minecraft:enderman":2},"minecraft:mined":{"minecraft:large_amethyst_bud":3,"minecraft:tuff":3,"minecraft:deepslate_diamond_ore":7,"strangeberries:haste_berry_bush":2,"mythicmetals:osmium_ore":7,"minecraft:dark_oak_log":4,"philipsruins:bone_chunk_block":1,"philipsruins:cracked_bone":1,"minecraft:grass_block":6,"twigs:twig":2,"rare-ice:rare_ice":2,"minecraft:moss_block":2,"minecraft:spawner":1,"minecraft:large_fern":3,"minecraft:spore_blossom":2,"minecraft:iron_ore":6,"minecraft:diamond_block":1,"minecraft:bookshelf":3,"minecraft:deepslate_iron_ore":41,"minecraft:vine":5,"minecraft:small_amethyst_bud":1,"minecraft:birch_wall_sign":1,"minecraft:bamboo":1,"minecraft:stone":171,"minecraft:birch_stairs":1,"minecraft:medium_amethyst_bud":4,"minecraft:amethyst_cluster":16,"philipsruins:bone_bricks":1,"minecraft:clay":2,"minecraft:crafting_table":1,"minecraft:cobbled_deepslate_wall":1,"minecraft:torch":4,"minecraft:emerald_ore":1,"twigs:petrified_lichen":1,"minecraft:tall_grass":6,"minecraft:copper_ore":2,"minerally:lapis_rock":1,"minecraft:wall_torch":6,"minecraft:purple_bed":3,"minecraft:sweet_berry_bush":1,"minerally:iron_rock":1,"minecraft:grass":9,"minecraft:oak_log":8,"minecraft:coal_ore":38,"minecraft:cocoa":1,"minecraft:dirt":27,"minecraft:cobweb":1,"minecraft:oak_leaves":1,"minecraft:deepslate":64}},"DataVersion":3465}