{"stats":{"minecraft:picked_up":{"minecraft:raw_iron":6,"minecraft:crafting_table":1,"minecraft:sweet_berries":7,"minecraft:torch":2,"minecraft:purple_bed":1,"minecraft:rotten_flesh":2,"minecraft:cobbled_deepslate":13,"minecraft:spore_blossom":1,"twigs:twig":2,"strangeberries:haste_berries":5,"minecraft:coal":4,"minecraft:cobblestone":14},"minecraft:custom":{"minecraft:time_since_rest":19092,"lootr:looted_stat":4,"minecraft:interact_with_furnace":3,"minecraft:sprint_one_cm":89152,"minecraft:damage_taken":175,"minecraft:walk_one_cm":130580,"minecraft:mob_kills":1,"minecraft:drop":7,"minecraft:damage_dealt":199,"minecraft:talked_to_villager":3,"minecraft:interact_with_crafting_table":7,"minecraft:fly_one_cm":20337,"minecraft:target_hit":1,"minecraft:open_barrel":3,"minecraft:open_chest":7,"minecraft:crouch_one_cm":98,"minecraft:play_time":23978,"minecraft:sneak_time":106,"minecraft:jump":206,"minecraft:walk_on_water_one_cm":1968,"minecraft:time_since_death":23978,"minecraft:sleep_in_bed":1,"minecraft:climb_one_cm":4156,"minecraft:total_world_time":23978,"minecraft:fall_one_cm":2620},"minecraft:used":{"minecraft:stone_sword":5,"minecraft:bread":5,"minecraft:stone_pickaxe":29,"minecraft:wooden_pickaxe":8,"minecraft:stone_axe":2,"minecraft:torch":15,"minecraft:bow":2,"minecraft:crafting_table":2,"minecraft:furnace":1,"minecraft:fern":1},"minecraft:mined":{"minecraft:large_fern":1,"minecraft:spore_blossom":1,"minecraft:purple_bed":1,"minecraft:sweet_berry_bush":1,"minecraft:crafting_table":1,"minecraft:grass":4,"minecraft:coal_ore":4,"minecraft:deepslate_iron_ore":6,"minecraft:tall_grass":6,"minecraft:stone":14,"minecraft:deepslate":13,"minecraft:wall_torch":1},"minecraft:crafted":{"minecraft:crafting_table":1,"minecraft:spruce_planks":40,"minecraft:stick":16,"minecraft:wooden_pickaxe":1,"minecraft:stone_pickaxe":1,"minecraft:stone_sword":1,"minecraft:furnace":1,"minecraft:torch":16,"minecraft:stone_axe":1},"minecraft:killed":{"minecraft:zombie":2},"minecraft:dropped":{"minecraft:potato":1,"farmersdelight:cabbage_seeds":3,"minecraft:wooden_sword":1,"minecraft:wooden_pickaxe":1,"minecraft:pumpkin_seeds":2,"twigs:twig":2}},"DataVersion":3465}