{"stats":{"minecraft:crafted":{"minecraft:stone_shovel":1,"minecraft:crafting_table":1,"minecraft:spruce_planks":16,"minecraft:stick":8,"minecraft:wooden_pickaxe":1,"minecraft:stone_pickaxe":1,"minecraft:stone_axe":1},"minecraft:used":{"minecraft:bread":1,"minecraft:wooden_pickaxe":33,"minecraft:shield":2,"minecraft:stone_axe":40,"minecraft:wooden_sword":1,"minecraft:crafting_table":1},"minecraft:dropped":{"minecraft:iron_nugget":4,"minecraft:wooden_pickaxe":1,"minecraft:spruce_sapling":2},"minecraft:killed":{"minecraft:skeleton":2,"minecraft:zombie":2,"duckling:duck":8},"minecraft:mined":{"minecraft:purple_bed":1,"minecraft:spruce_log":18,"minecraft:crafting_table":1,"minecraft:bookshelf":14,"minecraft:spruce_leaves":4,"minecraft:stone":33},"minecraft:picked_up":{"minecraft:book":42,"minecraft:crafting_table":1,"minecraft:feather":6,"minecraft:spruce_sapling":2,"minecraft:spruce_log":18,"minecraft:purple_bed":1,"minecraft:bone":1,"minecraft:arrow":2,"minecraft:rotten_flesh":2,"duckling:raw_duck":4,"minecraft:cobblestone":33},"minecraft:custom":{"minecraft:time_since_rest":5782,"lootr:looted_stat":2,"minecraft:sprint_one_cm":33573,"minecraft:damage_taken":55,"minecraft:walk_one_cm":27510,"minecraft:damage_blocked_by_shield":120,"minecraft:mob_kills":6,"minecraft:drop":4,"minecraft:damage_dealt":560,"minecraft:swim_one_cm":1225,"minecraft:interact_with_crafting_table":2,"minecraft:fly_one_cm":19568,"minecraft:crouch_one_cm":48,"minecraft:play_time":5782,"minecraft:sneak_time":8,"minecraft:walk_under_water_one_cm":83,"minecraft:jump":74,"minecraft:leave_game":1,"minecraft:walk_on_water_one_cm":137,"minecraft:time_since_death":5782,"minecraft:total_world_time":5782,"minecraft:fall_one_cm":1045}},"DataVersion":3465}