{"stats":{"minecraft:crafted":{"minecraft:crafting_table":1,"minecraft:spruce_planks":20,"minecraft:stick":4},"minecraft:used":{"twigs:tangerine_seashell":1,"minecraft:wooden_sword":6,"minecraft:sweet_berries":1,"minecraft:crafting_table":1,"minecraft:bread":1},"minecraft:killed":{"minecraft:drowned":2},"minecraft:mined":{"twigs:tangerine_seashell":1,"minecraft:spruce_log":5,"minecraft:spruce_leaves":1,"minecraft:sugar_cane":1},"minecraft:picked_up":{"minecraft:rotten_flesh":2,"minecraft:sweet_berries":1,"minecraft:iron_nugget":4,"minecraft:spruce_log":5,"minecraft:sugar_cane":3,"twigs:tangerine_seashell":1},"minecraft:custom":{"minecraft:time_since_rest":5650,"minecraft:crouch_one_cm":895,"minecraft:play_time":5650,"lootr:looted_stat":1,"minecraft:sprint_one_cm":23637,"minecraft:damage_taken":60,"minecraft:walk_one_cm":32559,"minecraft:sneak_time":181,"minecraft:walk_under_water_one_cm":1439,"minecraft:mob_kills":1,"minecraft:jump":76,"minecraft:damage_dealt":223,"minecraft:time_since_death":5650,"minecraft:walk_on_water_one_cm":1025,"minecraft:total_world_time":5650,"minecraft:interact_with_crafting_table":6,"minecraft:fall_one_cm":1910,"minecraft:fly_one_cm":14095}},"DataVersion":3465}