{"stats":{"minecraft:crafted":{"minecraft:stone_shovel":1,"mythicmetals:copper_boots":1,"usefulbackpacks:backpack_small":1,"minecraft:cooked_mutton":3,"minecraft:stone_pickaxe":2,"minecraft:chest":3,"mythicmetals:copper_helmet":1,"mythicmetals:copper_leggings":1,"minecraft:spruce_boat":1,"minecraft:dark_oak_planks":8,"mythicmetals:copper_chestplate":1,"mythicmetals:tin_ingot":8,"minecraft:wheat":288,"minecraft:cooked_beef":3,"minecraft:cooked_porkchop":7,"minecraft:crafting_table":3,"minecraft:spruce_planks":68,"minecraft:wooden_pickaxe":1,"duckling:cooked_duck":3,"minecraft:copper_ingot":71,"minecraft:stone_axe":1,"minecraft:bread":96,"minecraft:air":0,"minecraft:iron_chestplate":1,"minecraft:stick":16,"minecraft:iron_pickaxe":1,"mythicmetals:copper_sword":1,"minecraft:gold_ingot":18,"minecraft:iron_leggings":2,"minecraft:torch":24},"minecraft:custom":{"lootr:looted_stat":59,"minecraft:mob_kills":49,"minecraft:interact_with_crafting_table":32,"minecraft:leave_game":8,"minecraft:time_since_death":9669,"minecraft:climb_one_cm":9044,"minecraft:sprint_one_cm":542397,"minecraft:walk_one_cm":387599,"minecraft:damage_blocked_by_shield":1607,"minecraft:drop":64,"minecraft:talked_to_villager":4,"minecraft:play_time":135414,"minecraft:deaths":10,"minecraft:sneak_time":2024,"minecraft:walk_under_water_one_cm":2557,"minecraft:boat_one_cm":63432,"minecraft:jump":2302,"minecraft:walk_on_water_one_cm":5282,"minecraft:total_world_time":135414,"minecraft:interact_with_furnace":51,"minecraft:interact_with_grindstone":1,"minecraft:sleep_in_bed":8,"minecraft:time_since_rest":9699,"minecraft:damage_taken":4669,"minecraft:damage_dealt":10198,"minecraft:swim_one_cm":40749,"minecraft:fly_one_cm":721388,"minecraft:player_kills":1,"minecraft:open_chest":75,"minecraft:crouch_one_cm":3273,"minecraft:interact_with_smoker":1,"minecraft:fall_one_cm":61045},"minecraft:killed_by":{"minecells:undead_archer":1,"minecraft:player":4,"minecraft:vindicator":1,"minecells:grenadier":1,"minecells:runner":1},"minecraft:dropped":{"minecraft:bread":2,"twigs:bamboo_leaves":1,"minecraft:feather":15,"basicweapons:golden_spear":1,"minecells:arcane_goo":1,"minecells:monsters_eye":1,"minecraft:flint":1,"twigs:pebble":10,"minecells:infected_flesh":11,"mythicmetals:copper_helmet":1,"minecraft:iron_leggings":3,"minecraft:wooden_sword":1,"minecraft:mossy_cobblestone_stairs":2,"minecraft:paper":1,"duckling:duck_egg":1,"minecraft:spruce_sapling":2,"minecraft:armor_stand":1,"minecraft:gravel":4,"minecraft:stone_axe":3,"bountiful:bounty":2,"mythicmetals:copper_boots":2,"strangeberries:haste_berries":3,"minecraft:rotten_flesh":7,"patchouli:guide_book":1,"minecraft:filled_map":2,"minecraft:potato":3,"mythicmetals:copper_chestplate":1,"minecraft:leather_boots":2,"minecraft:golden_leggings":1,"mythicmetals:copper_sword":1,"minecraft:stone_bricks":3,"minecraft:bamboo":3,"minecraft:spruce_log":1,"minecraft:stone_pickaxe":1,"minecraft:wooden_pickaxe":1,"minecraft:egg":1},"minecraft:picked_up":{"minecraft:crafting_table":5,"minecraft:chicken":8,"minecraft:gold_block":2,"minecraft:brewing_stand":1,"minecraft:red_bed":19,"minecraft:raw_copper":71,"minecraft:armor_stand":1,"minecraft:iron_leggings":2,"twigs:pebble":10,"minecraft:spruce_planks":1,"minecraft:beef":3,"minecraft:furnace":6,"minecraft:egg":1,"duckling:raw_duck":3,"minecells:guts":6,"minecells:monsters_eye":1,"minecells:arcane_goo":1,"twigs:bamboo_leaves":1,"minecraft:porkchop":7,"basicweapons:golden_spear":1,"mythicmetals:raw_tin":8,"minecells:putrid_fence":1,"minecraft:arrow":11,"minecraft:rotten_flesh":7,"minecraft:hay_block":29,"spell_engine:spell_binding":1,"minecraft:mutton":7,"minecraft:white_wool":4,"minecraft:cobblestone":50,"minecraft:feather":30,"minecraft:leather":6,"minecraft:filled_map":2,"minecraft:flint":1,"minecraft:gunpowder":1,"minecraft:dirt":1,"bountiful:bounty":1,"minecraft:apple":1,"minecraft:stone_bricks":5,"minecraft:bamboo":8,"duckling:duck_egg":4,"minecraft:book":105,"mythicmetals:copper_boots":1,"minecells:prison_cobblestone":1,"patchouli:guide_book":2,"minecells:monster_cell":14,"minecraft:gravel":4,"minecells:infected_flesh":12,"minecraft:spruce_sapling":2,"minecraft:spruce_log":33,"minecraft:dark_oak_log":2,"minecells:explosive_bulb":4,"minecraft:stone_axe":2,"minecraft:iron_helmet":1,"minecraft:mossy_cobblestone_stairs":2,"minecraft:emerald":2,"minecraft:bread":1,"minecraft:coal":134,"strangeberries:haste_berries":3},"minecraft:used":{"minecraft:stone_shovel":9,"duckling:cooked_duck":3,"minecraft:chest":3,"minecraft:spruce_planks":6,"minecraft:shield":27,"minecraft:torch":16,"minecraft:dirt":1,"mythicmetals:copper_helmet":1,"minecraft:spruce_boat":1,"minecells:monsters_eye":1,"minecells:blood_sword":81,"minecraft:stone_bricks":2,"minecraft:furnace":5,"duckling:duck_egg":3,"minecraft:cooked_beef":15,"minecraft:potato":1,"minecraft:stone_pickaxe":148,"minecraft:wooden_pickaxe":34,"basicweapons:golden_spear":2,"minecraft:crafting_table":6,"minecraft:red_bed":18,"minecraft:spruce_log":2,"mythicmetals:copper_sword":64,"minecells:putrid_fence":1,"minecraft:bread":23,"minecraft:iron_pickaxe":4,"minecells:prison_cobblestone":1,"minecraft:stone_axe":85,"minecraft:wooden_sword":29,"minecraft:cobblestone":5},"minecraft:killed":{"minecells:mutated_bat":4,"minecraft:vindicator":2,"minecells:undead_archer":10,"minecraft:horse":4,"minecells:leaping_zombie":18,"minecells:protector":2,"minecells:grenadier":8,"minecraft:pig":6,"duckling:duck":4,"minecraft:sheep":8,"minecraft:pillager":4,"minecraft:zombie":16,"minecells:shieldbearer":8,"minecraft:player":2,"minecraft:cow":2},"minecraft:mined":{"minecells:putrid_fence":1,"minecraft:spruce_planks":1,"strangeberries:haste_berry_bush":1,"minecraft:dark_oak_log":2,"minecraft:brewing_stand":1,"minecraft:grass_block":2,"minecells:prison_stone":1,"minecraft:spruce_leaves":4,"rare-ice:rare_ice":2,"minecraft:spawner":2,"minecraft:large_fern":1,"minecraft:hay_block":29,"minecraft:furnace":6,"minecraft:mossy_cobblestone_stairs":1,"mythicmetals:tin_ore":5,"minecraft:gold_block":2,"minecraft:bookshelf":35,"minecraft:bamboo":1,"minecraft:stone":48,"minecraft:red_bed":18,"minecraft:medium_amethyst_bud":1,"minecraft:crafting_table":4,"minecraft:tall_grass":4,"minecraft:copper_ore":19,"minecells:alchemy_equipment_0":1,"spell_engine:spell_binding":1,"minecraft:spruce_log":33,"minecraft:smooth_stone_slab":1,"minecraft:grass":4,"minecraft:coal_ore":86,"minecraft:gravel":12,"minecraft:sand":4,"minecraft:dirt":2,"minecraft:stone_bricks":8,"minecraft:oak_leaves":1}},"DataVersion":3465}