{"stats":{"minecraft:custom":{"minecraft:interact_with_furnace":42,"lootr:looted_stat":25,"minecraft:mob_kills":20,"minecraft:interact_with_crafting_table":15,"minecraft:interact_with_grindstone":1,"minecraft:leave_game":2,"minecraft:time_since_death":53673,"minecraft:sleep_in_bed":3,"minecraft:climb_one_cm":3757,"minecraft:time_since_rest":9043,"minecraft:sprint_one_cm":208077,"minecraft:damage_taken":2616,"minecraft:walk_one_cm":179075,"minecraft:damage_blocked_by_shield":1607,"minecraft:drop":23,"minecraft:damage_dealt":4803,"minecraft:swim_one_cm":4828,"minecraft:fly_one_cm":161209,"minecraft:player_kills":1,"minecraft:open_chest":34,"minecraft:crouch_one_cm":1651,"minecraft:play_time":56694,"minecraft:deaths":4,"minecraft:sneak_time":1289,"minecraft:walk_under_water_one_cm":805,"minecraft:jump":798,"minecraft:walk_on_water_one_cm":1018,"minecraft:interact_with_smoker":1,"minecraft:total_world_time":56694,"minecraft:fall_one_cm":17874},"minecraft:killed_by":{"minecraft:player":4},"minecraft:mined":{"minecraft:red_bed":6,"strangeberries:haste_berry_bush":1,"minecraft:dark_oak_log":2,"minecraft:crafting_table":1,"minecells:prison_stone":1,"minecraft:copper_ore":19,"minecells:alchemy_equipment_0":1,"minecraft:spruce_leaves":2,"minecraft:spawner":1,"minecraft:large_fern":1,"minecraft:furnace":3,"spell_engine:spell_binding":1,"minecraft:spruce_log":33,"mythicmetals:tin_ore":5,"minecraft:smooth_stone_slab":1,"minecraft:bookshelf":34,"minecraft:coal_ore":86,"minecraft:dirt":2,"minecraft:stone":47},"minecraft:used":{"minecraft:stone_pickaxe":132,"duckling:cooked_duck":2,"minecraft:spruce_planks":1,"minecraft:chest":2,"minecraft:shield":27,"minecraft:wooden_pickaxe":34,"minecraft:torch":14,"basicweapons:golden_spear":2,"minecraft:crafting_table":3,"minecraft:red_bed":5,"mythicmetals:copper_helmet":1,"minecraft:spruce_log":2,"mythicmetals:copper_sword":32,"minecraft:bread":13,"minecells:prison_cobblestone":1,"minecraft:stone_axe":85,"minecraft:wooden_sword":29,"minecraft:furnace":3,"minecraft:cooked_beef":5,"minecraft:potato":1},"minecraft:dropped":{"minecraft:stone_axe":3,"bountiful:bounty":2,"mythicmetals:copper_boots":1,"minecraft:rotten_flesh":2,"basicweapons:golden_spear":1,"patchouli:guide_book":1,"minecraft:potato":3,"minecells:infected_flesh":3,"minecraft:leather_boots":1,"minecraft:wooden_sword":1,"minecraft:spruce_log":1,"minecraft:stone_pickaxe":1,"minecraft:wooden_pickaxe":1,"minecraft:spruce_sapling":2,"minecraft:egg":1},"minecraft:picked_up":{"minecraft:crafting_table":1,"minecraft:feather":5,"minecraft:leather":4,"minecraft:gunpowder":1,"minecraft:red_bed":6,"minecraft:raw_copper":71,"bountiful:bounty":1,"minecraft:apple":1,"minecraft:egg":1,"duckling:raw_duck":3,"minecraft:furnace":3,"minecraft:book":102,"minecells:guts":2,"mythicmetals:copper_boots":1,"minecells:prison_cobblestone":1,"patchouli:guide_book":2,"minecells:monster_cell":2,"minecells:infected_flesh":4,"minecraft:porkchop":7,"basicweapons:golden_spear":1,"minecraft:spruce_sapling":2,"mythicmetals:raw_tin":8,"minecraft:spruce_log":33,"minecraft:dark_oak_log":2,"minecraft:rotten_flesh":2,"minecraft:arrow":3,"minecells:explosive_bulb":1,"minecraft:stone_axe":2,"spell_engine:spell_binding":1,"minecraft:emerald":2,"minecraft:coal":86,"strangeberries:haste_berries":3,"minecraft:cobblestone":50},"minecraft:crafted":{"minecraft:stone_shovel":1,"minecraft:cooked_porkchop":7,"minecraft:crafting_table":2,"minecraft:spruce_planks":68,"mythicmetals:copper_boots":1,"minecraft:wooden_pickaxe":1,"duckling:cooked_duck":3,"minecraft:copper_ingot":42,"minecraft:stone_axe":1,"minecraft:cooked_mutton":3,"minecraft:air":0,"minecraft:stick":16,"minecraft:stone_pickaxe":2,"mythicmetals:copper_sword":1,"minecraft:chest":2,"mythicmetals:copper_helmet":1,"mythicmetals:copper_leggings":1,"minecraft:dark_oak_planks":8,"minecraft:torch":24,"mythicmetals:copper_chestplate":1,"mythicmetals:tin_ingot":8},"minecraft:killed":{"minecraft:pig":6,"duckling:duck":4,"minecells:undead_archer":2,"majruszsdifficulty:cursed_armor":2,"minecraft:horse":4,"minecraft:pillager":4,"minecraft:zombie":6,"minecells:leaping_zombie":8,"minecells:grenadier":4,"minecraft:player":2}},"DataVersion":3465}