{"stats":{"minecraft:custom":{"lootr:looted_stat":43,"minecraft:mob_kills":43,"minecraft:interact_with_crafting_table":27,"minecraft:leave_game":2,"minecraft:time_since_death":23776,"minecraft:climb_one_cm":7059,"minecraft:sprint_one_cm":349586,"minecraft:walk_one_cm":282743,"minecraft:damage_blocked_by_shield":1607,"minecraft:drop":48,"minecraft:talked_to_villager":1,"minecraft:play_time":92694,"minecraft:deaths":7,"minecraft:sneak_time":1540,"minecraft:walk_under_water_one_cm":1632,"minecraft:jump":1287,"minecraft:walk_on_water_one_cm":2260,"minecraft:total_world_time":92694,"minecraft:interact_with_furnace":46,"minecraft:interact_with_grindstone":1,"minecraft:sleep_in_bed":6,"minecraft:time_since_rest":23831,"minecraft:damage_taken":4060,"minecraft:damage_dealt":8999,"minecraft:player_kills":1,"minecraft:swim_one_cm":22216,"minecraft:fly_one_cm":273461,"minecraft:open_chest":53,"minecraft:crouch_one_cm":2385,"minecraft:interact_with_smoker":1,"minecraft:fall_one_cm":32470},"minecraft:mined":{"minecraft:spruce_planks":1,"minecells:putrid_fence":1,"strangeberries:haste_berry_bush":1,"minecraft:dark_oak_log":2,"minecells:prison_stone":1,"minecraft:spruce_leaves":2,"minecraft:spawner":1,"minecraft:large_fern":1,"minecraft:hay_block":9,"minecraft:furnace":6,"mythicmetals:tin_ore":5,"minecraft:gold_block":2,"minecraft:bookshelf":34,"minecraft:stone":47,"minecraft:red_bed":11,"minecraft:medium_amethyst_bud":1,"minecraft:crafting_table":2,"minecraft:copper_ore":19,"minecells:alchemy_equipment_0":1,"spell_engine:spell_binding":1,"minecraft:spruce_log":33,"minecraft:smooth_stone_slab":1,"minecraft:coal_ore":86,"minecraft:dirt":2},"minecraft:killed_by":{"minecells:undead_archer":1,"minecraft:player":4,"minecells:grenadier":1,"minecells:runner":1},"minecraft:used":{"duckling:cooked_duck":2,"minecraft:chest":2,"minecraft:spruce_planks":2,"minecraft:shield":27,"minecraft:torch":14,"mythicmetals:copper_helmet":1,"minecells:monsters_eye":1,"minecells:blood_sword":53,"minecraft:furnace":3,"duckling:duck_egg":3,"minecraft:potato":1,"minecraft:cooked_beef":12,"minecraft:stone_pickaxe":136,"minecraft:wooden_pickaxe":34,"basicweapons:golden_spear":2,"minecraft:crafting_table":3,"minecraft:red_bed":10,"minecraft:spruce_log":2,"mythicmetals:copper_sword":64,"minecells:putrid_fence":1,"minecraft:bread":13,"minecraft:iron_pickaxe":3,"minecells:prison_cobblestone":1,"minecraft:stone_axe":85,"minecraft:wooden_sword":29,"minecraft:cobblestone":5},"minecraft:picked_up":{"minecraft:crafting_table":2,"minecraft:gold_block":2,"minecraft:red_bed":11,"minecraft:raw_copper":71,"minecraft:iron_leggings":2,"minecraft:spruce_planks":1,"minecraft:beef":3,"minecraft:furnace":6,"duckling:raw_duck":3,"minecraft:egg":1,"minecells:guts":6,"minecells:monsters_eye":1,"minecells:arcane_goo":1,"minecraft:porkchop":7,"mythicmetals:raw_tin":8,"basicweapons:golden_spear":1,"minecells:putrid_fence":1,"minecraft:arrow":11,"minecraft:rotten_flesh":7,"minecraft:hay_block":9,"spell_engine:spell_binding":1,"minecraft:mutton":7,"minecraft:white_wool":4,"minecraft:cobblestone":50,"minecraft:feather":5,"minecraft:leather":6,"minecraft:gunpowder":1,"bountiful:bounty":1,"minecraft:apple":1,"duckling:duck_egg":4,"minecraft:book":102,"mythicmetals:copper_boots":1,"minecells:prison_cobblestone":1,"patchouli:guide_book":2,"minecells:monster_cell":14,"minecells:infected_flesh":12,"minecraft:spruce_sapling":2,"minecraft:spruce_log":33,"minecraft:dark_oak_log":2,"minecells:explosive_bulb":4,"minecraft:stone_axe":2,"minecraft:emerald":2,"minecraft:bread":1,"strangeberries:haste_berries":3,"minecraft:coal":134},"minecraft:dropped":{"minecraft:bread":2,"basicweapons:golden_spear":1,"minecells:arcane_goo":1,"minecells:infected_flesh":11,"minecraft:iron_leggings":3,"minecraft:wooden_sword":1,"minecraft:paper":1,"duckling:duck_egg":1,"minecraft:spruce_sapling":2,"minecraft:stone_axe":3,"bountiful:bounty":2,"mythicmetals:copper_boots":1,"strangeberries:haste_berries":3,"minecraft:rotten_flesh":7,"patchouli:guide_book":1,"minecraft:potato":3,"mythicmetals:copper_chestplate":1,"minecraft:leather_boots":2,"minecraft:golden_leggings":1,"mythicmetals:copper_sword":1,"minecraft:spruce_log":1,"minecraft:wooden_pickaxe":1,"minecraft:stone_pickaxe":1,"minecraft:egg":1},"minecraft:crafted":{"minecraft:stone_shovel":1,"mythicmetals:copper_boots":1,"usefulbackpacks:backpack_small":1,"minecraft:cooked_mutton":3,"minecraft:stone_pickaxe":2,"minecraft:chest":2,"mythicmetals:copper_helmet":1,"mythicmetals:copper_leggings":1,"minecraft:dark_oak_planks":8,"mythicmetals:copper_chestplate":1,"mythicmetals:tin_ingot":8,"minecraft:cooked_porkchop":7,"minecraft:crafting_table":2,"minecraft:spruce_planks":68,"minecraft:wooden_pickaxe":1,"duckling:cooked_duck":3,"minecraft:copper_ingot":71,"minecraft:stone_axe":1,"minecraft:air":0,"minecraft:iron_chestplate":1,"minecraft:stick":16,"minecraft:iron_pickaxe":1,"mythicmetals:copper_sword":1,"minecraft:iron_leggings":2,"minecraft:gold_ingot":18,"minecraft:torch":24},"minecraft:killed":{"minecells:mutated_bat":4,"minecells:undead_archer":10,"minecraft:horse":4,"minecells:leaping_zombie":18,"minecells:protector":2,"minecells:grenadier":8,"minecraft:pig":6,"duckling:duck":4,"majruszsdifficulty:cursed_armor":2,"minecraft:sheep":8,"minecraft:pillager":4,"minecraft:zombie":6,"minecells:shieldbearer":8,"minecraft:player":2,"minecraft:cow":2}},"DataVersion":3465}