{"stats":{"minecraft:custom":{"minecraft:time_since_rest":5928,"lootr:looted_stat":1,"minecraft:sprint_one_cm":29510,"minecraft:damage_taken":1689,"minecraft:walk_one_cm":36258,"minecraft:damage_blocked_by_shield":557,"minecraft:drop":2,"minecraft:damage_dealt":1123,"minecraft:interact_with_crafting_table":2,"minecraft:swim_one_cm":1199,"minecraft:fly_one_cm":29281,"minecraft:player_kills":1,"minecraft:play_time":8933,"minecraft:deaths":4,"minecraft:walk_under_water_one_cm":498,"minecraft:jump":155,"minecraft:interact_with_grindstone":1,"minecraft:leave_game":1,"minecraft:time_since_death":5912,"minecraft:walk_on_water_one_cm":191,"minecraft:total_world_time":8933,"minecraft:interact_with_smoker":1,"minecraft:fall_one_cm":2828},"minecraft:picked_up":{"minecraft:book":51,"minecraft:crafting_table":1,"minecraft:spruce_sapling":2,"minecraft:spruce_log":27,"minecraft:dark_oak_log":2,"minecraft:cobblestone":34},"minecraft:used":{"minecraft:shield":16,"minecraft:wooden_pickaxe":34,"minecraft:stone_axe":20,"minecraft:wooden_sword":29,"minecraft:crafting_table":1},"minecraft:killed_by":{"minecraft:player":4},"minecraft:mined":{"minecraft:large_fern":1,"minecraft:dark_oak_log":2,"minecraft:spruce_log":28,"minecraft:crafting_table":1,"minecraft:bookshelf":18,"minecraft:spruce_leaves":2,"minecraft:stone":34},"minecraft:killed":{"minecraft:player":2},"minecraft:crafted":{"minecraft:stone_shovel":1,"minecraft:crafting_table":1,"minecraft:spruce_planks":32,"minecraft:stick":16,"minecraft:wooden_pickaxe":1,"minecraft:stone_pickaxe":2,"minecraft:dark_oak_planks":8,"minecraft:stone_axe":1},"minecraft:dropped":{"minecraft:spruce_log":1,"minecraft:wooden_pickaxe":1}},"DataVersion":3465}