{"stats":{"minecraft:custom":{"minecraft:time_since_rest":16730,"lootr:looted_stat":12,"minecraft:sprint_one_cm":113821,"minecraft:damage_taken":1779,"minecraft:walk_one_cm":72958,"minecraft:damage_blocked_by_shield":557,"minecraft:mob_kills":6,"minecraft:drop":9,"minecraft:damage_dealt":1793,"minecraft:interact_with_crafting_table":2,"minecraft:swim_one_cm":1199,"minecraft:fly_one_cm":72235,"minecraft:player_kills":1,"minecraft:open_chest":1,"minecraft:crouch_one_cm":435,"minecraft:play_time":19735,"minecraft:deaths":4,"minecraft:sneak_time":93,"minecraft:walk_under_water_one_cm":498,"minecraft:jump":331,"minecraft:interact_with_grindstone":1,"minecraft:leave_game":2,"minecraft:time_since_death":16714,"minecraft:walk_on_water_one_cm":288,"minecraft:climb_one_cm":1253,"minecraft:total_world_time":19735,"minecraft:interact_with_smoker":1,"minecraft:fall_one_cm":7147},"minecraft:picked_up":{"minecraft:book":102,"minecraft:crafting_table":1,"minecraft:feather":1,"minecraft:leather":4,"minecraft:porkchop":7,"mythicmetals:raw_tin":8,"minecraft:spruce_sapling":2,"minecraft:spruce_log":33,"minecraft:red_bed":1,"minecraft:dark_oak_log":2,"minecraft:raw_copper":13,"minecraft:apple":1,"bountiful:bounty":1,"spell_engine:spell_binding":1,"minecraft:furnace":3,"duckling:raw_duck":1,"minecraft:cobblestone":35,"minecraft:egg":1},"minecraft:killed_by":{"minecraft:player":4},"minecraft:used":{"minecraft:bread":3,"minecraft:stone_pickaxe":13,"minecraft:shield":16,"minecraft:wooden_pickaxe":34,"minecraft:stone_axe":54,"minecraft:wooden_sword":29,"minecraft:crafting_table":1,"minecraft:potato":1},"minecraft:mined":{"minecraft:large_fern":1,"minecraft:furnace":3,"minecraft:red_bed":1,"spell_engine:spell_binding":1,"minecraft:dark_oak_log":2,"minecraft:spruce_log":33,"mythicmetals:tin_ore":5,"minecraft:crafting_table":1,"minecraft:bookshelf":34,"minecraft:copper_ore":3,"minecraft:spruce_leaves":2,"minecraft:stone":35},"minecraft:crafted":{"minecraft:stone_shovel":1,"minecraft:crafting_table":1,"minecraft:spruce_planks":32,"minecraft:stick":16,"minecraft:wooden_pickaxe":1,"minecraft:stone_pickaxe":2,"minecraft:dark_oak_planks":8,"minecraft:stone_axe":1},"minecraft:killed":{"minecraft:horse":4,"minecraft:pig":6,"duckling:duck":2,"minecraft:player":2},"minecraft:dropped":{"minecraft:potato":3,"bountiful:bounty":2,"minecraft:leather_boots":1,"minecraft:spruce_log":1,"minecraft:wooden_pickaxe":1,"minecraft:spruce_sapling":2}},"DataVersion":3465}