{"stats":{"minecraft:used":{"minecraft:wooden_sword":29,"minecraft:shield":16},"minecraft:dropped":{"minecraft:spruce_log":1},"minecraft:killed":{"minecraft:player":2},"minecraft:picked_up":{"minecraft:spruce_log":1,"minecraft:dark_oak_log":2},"minecraft:mined":{"minecraft:spruce_log":1,"minecraft:dark_oak_log":2},"minecraft:killed_by":{"minecraft:player":4},"minecraft:custom":{"minecraft:time_since_rest":811,"minecraft:play_time":3816,"lootr:looted_stat":1,"minecraft:sprint_one_cm":26820,"minecraft:deaths":4,"minecraft:damage_taken":1689,"minecraft:walk_one_cm":27818,"minecraft:damage_blocked_by_shield":557,"minecraft:walk_under_water_one_cm":498,"minecraft:drop":1,"minecraft:jump":143,"minecraft:interact_with_grindstone":1,"minecraft:damage_dealt":1123,"minecraft:leave_game":1,"minecraft:time_since_death":795,"minecraft:walk_on_water_one_cm":191,"minecraft:interact_with_smoker":1,"minecraft:total_world_time":3816,"minecraft:swim_one_cm":1199,"minecraft:fall_one_cm":2828,"minecraft:fly_one_cm":29255,"minecraft:player_kills":1}},"DataVersion":3465}