{"stats":{"minecraft:custom":{"minecraft:interact_with_furnace":45,"lootr:looted_stat":42,"minecraft:mob_kills":40,"minecraft:interact_with_crafting_table":19,"minecraft:interact_with_grindstone":1,"minecraft:leave_game":2,"minecraft:time_since_death":11776,"minecraft:sleep_in_bed":6,"minecraft:climb_one_cm":7059,"minecraft:time_since_rest":11831,"minecraft:sprint_one_cm":304445,"minecraft:damage_taken":4050,"minecraft:walk_one_cm":257991,"minecraft:damage_blocked_by_shield":1607,"minecraft:drop":43,"minecraft:damage_dealt":8744,"minecraft:swim_one_cm":9224,"minecraft:fly_one_cm":207633,"minecraft:player_kills":1,"minecraft:open_chest":39,"minecraft:crouch_one_cm":2063,"minecraft:play_time":80694,"minecraft:deaths":7,"minecraft:sneak_time":1399,"minecraft:walk_under_water_one_cm":1076,"minecraft:jump":1046,"minecraft:walk_on_water_one_cm":1336,"minecraft:interact_with_smoker":1,"minecraft:total_world_time":80694,"minecraft:fall_one_cm":25186},"minecraft:mined":{"minecells:putrid_fence":1,"minecraft:spruce_planks":1,"minecraft:red_bed":11,"strangeberries:haste_berry_bush":1,"minecraft:dark_oak_log":2,"minecraft:crafting_table":2,"minecells:prison_stone":1,"minecraft:copper_ore":19,"minecells:alchemy_equipment_0":1,"minecraft:spruce_leaves":2,"minecraft:spawner":1,"minecraft:large_fern":1,"minecraft:furnace":6,"spell_engine:spell_binding":1,"minecraft:gold_block":2,"minecraft:spruce_log":33,"mythicmetals:tin_ore":5,"minecraft:smooth_stone_slab":1,"minecraft:bookshelf":34,"minecraft:coal_ore":86,"minecraft:dirt":2,"minecraft:stone":47},"minecraft:killed_by":{"minecells:undead_archer":1,"minecraft:player":4,"minecells:grenadier":1,"minecells:runner":1},"minecraft:used":{"minecraft:stone_pickaxe":136,"duckling:cooked_duck":2,"minecraft:spruce_planks":2,"minecraft:chest":2,"minecraft:shield":27,"minecraft:wooden_pickaxe":34,"minecraft:torch":14,"basicweapons:golden_spear":2,"minecraft:crafting_table":3,"minecraft:red_bed":10,"mythicmetals:copper_helmet":1,"minecraft:spruce_log":2,"mythicmetals:copper_sword":64,"minecells:monsters_eye":1,"minecells:putrid_fence":1,"minecraft:bread":13,"minecraft:iron_pickaxe":2,"minecells:blood_sword":47,"minecells:prison_cobblestone":1,"minecraft:stone_axe":85,"minecraft:wooden_sword":29,"minecraft:cobblestone":5,"minecraft:furnace":3,"duckling:duck_egg":1,"minecraft:cooked_beef":10,"minecraft:potato":1},"minecraft:dropped":{"minecraft:stone_axe":3,"bountiful:bounty":2,"mythicmetals:copper_boots":1,"minecraft:rotten_flesh":7,"basicweapons:golden_spear":1,"patchouli:guide_book":1,"minecraft:potato":3,"minecells:infected_flesh":11,"minecraft:golden_leggings":1,"minecraft:iron_leggings":3,"mythicmetals:copper_chestplate":1,"minecraft:leather_boots":2,"mythicmetals:copper_sword":1,"minecraft:wooden_sword":1,"minecraft:spruce_log":1,"minecraft:stone_pickaxe":1,"minecraft:wooden_pickaxe":1,"minecraft:paper":1,"minecraft:spruce_sapling":2,"minecraft:egg":1},"minecraft:picked_up":{"minecraft:crafting_table":1,"minecraft:feather":5,"minecraft:leather":4,"minecraft:gold_block":2,"minecraft:gunpowder":1,"minecraft:red_bed":11,"minecraft:raw_copper":71,"minecraft:iron_leggings":2,"bountiful:bounty":1,"minecraft:apple":1,"minecraft:spruce_planks":1,"duckling:duck_egg":1,"minecraft:egg":1,"duckling:raw_duck":3,"minecraft:furnace":6,"minecraft:book":102,"minecells:guts":6,"mythicmetals:copper_boots":1,"minecells:prison_cobblestone":1,"patchouli:guide_book":2,"minecells:monster_cell":14,"minecells:arcane_goo":1,"minecells:monsters_eye":1,"minecells:infected_flesh":12,"minecraft:porkchop":7,"basicweapons:golden_spear":1,"minecraft:spruce_sapling":2,"mythicmetals:raw_tin":8,"minecraft:spruce_log":33,"minecells:putrid_fence":1,"minecraft:dark_oak_log":2,"minecraft:rotten_flesh":7,"minecraft:arrow":11,"minecells:explosive_bulb":4,"minecraft:stone_axe":2,"spell_engine:spell_binding":1,"minecraft:emerald":2,"minecraft:mutton":3,"minecraft:white_wool":2,"minecraft:coal":134,"strangeberries:haste_berries":3,"minecraft:cobblestone":50},"minecraft:crafted":{"minecraft:stone_shovel":1,"minecraft:cooked_porkchop":7,"minecraft:crafting_table":2,"minecraft:spruce_planks":68,"mythicmetals:copper_boots":1,"minecraft:wooden_pickaxe":1,"duckling:cooked_duck":3,"minecraft:copper_ingot":71,"minecraft:stone_axe":1,"minecraft:cooked_mutton":3,"minecraft:air":0,"minecraft:iron_chestplate":1,"minecraft:iron_pickaxe":1,"minecraft:stick":16,"minecraft:stone_pickaxe":2,"mythicmetals:copper_sword":1,"minecraft:iron_leggings":2,"minecraft:chest":2,"mythicmetals:copper_helmet":1,"mythicmetals:copper_leggings":1,"minecraft:dark_oak_planks":8,"minecraft:torch":24,"mythicmetals:copper_chestplate":1,"mythicmetals:tin_ingot":8},"minecraft:killed":{"minecells:mutated_bat":4,"minecraft:pig":6,"duckling:duck":4,"minecells:undead_archer":10,"majruszsdifficulty:cursed_armor":2,"minecraft:sheep":4,"minecraft:horse":4,"minecraft:pillager":4,"minecraft:zombie":6,"minecells:shieldbearer":8,"minecells:leaping_zombie":18,"minecells:protector":2,"minecells:grenadier":8,"minecraft:player":2}},"DataVersion":3465}