{
  "betterend:recipes/misc/luck_of_sea_book": {
    "criteria": {
      "has_item.minecraft.book": "2024-07-07 04:07:43 +0000"
    },
    "done": true
  },
  "minecraft:recipes/combat/leather_helmet": {
    "criteria": {
      "has_leather": "2024-07-07 04:07:44 +0000"
    },
    "done": true
  },
  "minecraft:recipes/decorations/ladder": {
    "criteria": {
      "has_stick": "2024-07-07 04:14:13 +0000"
    },
    "done": true
  },
  "betterend:recipes/misc/quick_charge_book": {
    "criteria": {
      "has_item.minecraft.book": "2024-07-07 04:07:43 +0000"
    },
    "done": true
  },
  "betterend:recipes/decorations/lacugrove_bar_stool": {
    "criteria": {
      "has_stick": "2024-07-07 04:14:13 +0000"
    },
    "done": true
  },
  "rpg_series:root": {
    "criteria": {
      "always": "2024-07-07 04:05:10 +0000"
    },
    "done": true
  },
  "betterend:recipes/decorations/lucernia_chair": {
    "criteria": {
      "has_stick": "2024-07-07 04:14:13 +0000"
    },
    "done": true
  },
  "betterend:recipes/decorations/lacugrove_taburet": {
    "criteria": {
      "has_stick": "2024-07-07 04:14:13 +0000"
    },
    "done": true
  },
  "betterend:recipes/decorations/helix_tree_sign": {
    "criteria": {
      "has_stick": "2024-07-07 04:14:13 +0000"
    },
    "done": true
  },
  "betterend:recipes/decorations/jellyshroom_chair": {
    "criteria": {
      "has_stick": "2024-07-07 04:14:13 +0000"
    },
    "done": true
  },
  "strangeberries:root": {
    "criteria": {
      "berries": "2024-07-07 04:10:10 +0000"
    },
    "done": true
  },
  "betterend:recipes/decorations/lacugrove_ladder": {
    "criteria": {
      "has_stick": "2024-07-07 04:14:13 +0000"
    },
    "done": true
  },
  "betterend:recipes/decorations/end_lotus_ladder": {
    "criteria": {
      "has_stick": "2024-07-07 04:14:13 +0000"
    },
    "done": true
  },
  "twigs:recipes/cobblestone_bricks/cobblestone_brick_wall_from_cobblestone_stonecutting": {
    "criteria": {
      "has_item": "2024-07-07 04:14:43 +0000"
    },
    "done": true
  },
  "minecraft:story/mine_stone": {
    "criteria": {
      "get_stone": "2024-07-07 04:14:43 +0000"
    },
    "done": true
  },
  "minecraft:recipes/decorations/furnace": {
    "criteria": {
      "has_cobblestone": "2024-07-07 04:14:43 +0000"
    },
    "done": true
  },
  "betterend:recipes/decorations/tenanea_taburet": {
    "criteria": {
      "has_stick": "2024-07-07 04:14:13 +0000"
    },
    "done": true
  },
  "betterend:recipes/misc/piercing_book": {
    "criteria": {
      "has_item.minecraft.book": "2024-07-07 04:07:43 +0000"
    },
    "done": true
  },
  "twigs:recipes/tables/spruce_table": {
    "criteria": {
      "has_bamboo": "2024-07-07 04:14:05 +0000"
    },
    "done": true
  },
  "1_splatus:ultris/technical/used_shield": {
    "criteria": {
      "requirement": "2024-07-07 04:06:47 +0000"
    },
    "done": true
  },
  "minecraft:recipes/tools/wooden_axe": {
    "criteria": {
      "has_stick": "2024-07-07 04:14:13 +0000"
    },
    "done": true
  },
  "betterend:recipes/misc/impaling_book": {
    "criteria": {
      "has_item.minecraft.book": "2024-07-07 04:07:43 +0000"
    },
    "done": true
  },
  "farmersdelight:recipes/farmersdelight/cooking/fried_rice": {
    "criteria": {
      "has_any_ingredient": "2024-07-07 04:06:43 +0000"
    },
    "done": true
  },
  "farmersdelight:main/get_fd_seed": {
    "criteria": {
      "rice": "2024-07-07 04:06:43 +0000"
    },
    "done": true
  },
  "minecraft:recipes/combat/leather_chestplate": {
    "criteria": {
      "has_leather": "2024-07-07 04:07:44 +0000"
    },
    "done": true
  },
  "1_splatus:ultris/root": {
    "criteria": {
      "c1": "2024-07-07 04:05:09 +0000"
    },
    "done": true
  },
  "betterend:recipes/decorations/pythadendron_fence": {
    "criteria": {
      "has_stick": "2024-07-07 04:14:13 +0000"
    },
    "done": true
  },
  "betterend:recipes/misc/swift_sneak_book": {
    "criteria": {
      "has_item.minecraft.book": "2024-07-07 04:07:43 +0000"
    },
    "done": true
  },
  "farmersdelight:recipes/farmersdelight/cooking/cooked_rice": {
    "criteria": {
      "has_rice": "2024-07-07 04:06:43 +0000"
    },
    "done": true
  },
  "repurposed_structures:root": {
    "criteria": {
      "always": "2024-07-07 04:05:10 +0000"
    },
    "done": true
  },
  "minecraft:recipes/decorations/crafting_table": {
    "criteria": {
      "unlock_right_away": "2024-07-07 04:05:10 +0000"
    },
    "done": true
  },
  "minecraft:recipes/decorations/chest": {
    "criteria": {
      "has_lots_of_items": "2024-07-07 04:07:19 +0000"
    },
    "done": true
  },
  "minecraft:recipes/misc/stick": {
    "criteria": {
      "has_planks": "2024-07-07 04:14:05 +0000"
    },
    "done": true
  },
  "minecraft:recipes/redstone/lectern": {
    "criteria": {
      "has_book": "2024-07-07 04:07:43 +0000"
    },
    "done": true
  },
  "minecraft:adventure/sleep_in_bed": {
    "criteria": {
      "slept_in_bed": "2024-07-07 04:09:10 +0000"
    },
    "done": true
  },
  "minecraft:recipes/building_blocks/cobblestone_slab_from_cobblestone_stonecutting": {
    "criteria": {
      "has_cobblestone": "2024-07-07 04:14:43 +0000"
    },
    "done": true
  },
  "farmersdelight:recipes/farmersdelight/cooking/apple_cider": {
    "criteria": {
      "has_apple": "2024-07-07 04:12:38 +0000"
    },
    "done": true
  },
  "betterend:recipes/misc/guide_book": {
    "criteria": {
      "has_book": "2024-07-07 04:07:43 +0000"
    },
    "done": true
  },
  "betterend:recipes/decorations/lacugrove_chair": {
    "criteria": {
      "has_stick": "2024-07-07 04:14:13 +0000"
    },
    "done": true
  },
  "betterend:recipes/redstone/umbrella_tree_gate": {
    "criteria": {
      "has_stick": "2024-07-07 04:14:13 +0000"
    },
    "done": true
  },
  "minecraft:recipes/building_blocks/stone": {
    "criteria": {
      "has_cobblestone": "2024-07-07 04:14:43 +0000"
    },
    "done": true
  },
  "betterend:recipes/decorations/lucernia_fence": {
    "criteria": {
      "has_stick": "2024-07-07 04:14:13 +0000"
    },
    "done": true
  },
  "minecraft:recipes/misc/writable_book": {
    "criteria": {
      "has_book": "2024-07-07 04:07:43 +0000"
    },
    "done": true
  },
  "repurposed_structures:witch_huts": {
    "criteria": {
      "in_witch_hut_taiga": "2024-07-07 04:09:47 +0000"
    },
    "done": false
  },
  "betterend:recipes/misc/protection_book": {
    "criteria": {
      "has_item.minecraft.book": "2024-07-07 04:07:43 +0000"
    },
    "done": true
  },
  "minecraft:recipes/misc/leather_horse_armor": {
    "criteria": {
      "has_leather": "2024-07-07 04:07:44 +0000"
    },
    "done": true
  },
  "minecraft:recipes/decorations/spruce_fence": {
    "criteria": {
      "has_planks": "2024-07-07 04:14:05 +0000"
    },
    "done": true
  },
  "betterend:recipes/decorations/umbrella_tree_fence": {
    "criteria": {
      "has_stick": "2024-07-07 04:14:13 +0000"
    },
    "done": true
  },
  "betterend:recipes/decorations/helix_tree_bar_stool": {
    "criteria": {
      "has_stick": "2024-07-07 04:14:13 +0000"
    },
    "done": true
  },
  "twigs:recipes/cobblestone_bricks/cobblestone_brick_stairs_from_cobblestone_stonecutting": {
    "criteria": {
      "has_item": "2024-07-07 04:14:43 +0000"
    },
    "done": true
  },
  "betterend:recipes/misc/channeling_book": {
    "criteria": {
      "has_item.minecraft.book": "2024-07-07 04:07:43 +0000"
    },
    "done": true
  },
  "betterend:recipes/misc/riptide_book": {
    "criteria": {
      "has_item.minecraft.book": "2024-07-07 04:07:43 +0000"
    },
    "done": true
  },
  "betterend:recipes/decorations/jellyshroom_sign": {
    "criteria": {
      "has_stick": "2024-07-07 04:14:13 +0000"
    },
    "done": true
  },
  "betterend:recipes/redstone/tenanea_gate": {
    "criteria": {
      "has_stick": "2024-07-07 04:14:13 +0000"
    },
    "done": true
  },
  "betterend:recipes/decorations/dragon_tree_taburet": {
    "criteria": {
      "has_stick": "2024-07-07 04:14:13 +0000"
    },
    "done": true
  },
  "betterend:recipes/decorations/jellyshroom_fence": {
    "criteria": {
      "has_stick": "2024-07-07 04:14:13 +0000"
    },
    "done": true
  },
  "betterend:recipes/building_blocks/dragon_tree_bookshelf": {
    "criteria": {
      "has_book": "2024-07-07 04:07:43 +0000"
    },
    "done": true
  },
  "minecraft:recipes/redstone/spruce_button": {
    "criteria": {
      "has_planks": "2024-07-07 04:14:05 +0000"
    },
    "done": true
  },
  "betterend:recipes/decorations/lucernia_sign": {
    "criteria": {
      "has_stick": "2024-07-07 04:14:13 +0000"
    },
    "done": true
  },
  "lootr:social": {
    "criteria": {
      "opened_chest": "2024-07-07 04:06:34 +0000"
    },
    "done": false
  },
  "betterend:recipes/decorations/helix_tree_fence": {
    "criteria": {
      "has_stick": "2024-07-07 04:14:13 +0000"
    },
    "done": true
  },
  "betterend:root": {
    "criteria": {
      "welcome": "2024-07-07 04:05:11 +0000"
    },
    "done": true
  },
  "betterend:recipes/redstone/pythadendron_gate": {
    "criteria": {
      "has_stick": "2024-07-07 04:14:13 +0000"
    },
    "done": true
  },
  "betterend:recipes/misc/copy_tool_assembly": {
    "criteria": {
      "has_stick": "2024-07-07 04:14:13 +0000"
    },
    "done": true
  },
  "minecraft:recipes/redstone/spruce_pressure_plate": {
    "criteria": {
      "has_planks": "2024-07-07 04:14:05 +0000"
    },
    "done": true
  },
  "minecraft:recipes/tools/stone_pickaxe": {
    "criteria": {
      "has_cobblestone": "2024-07-07 04:14:43 +0000"
    },
    "done": true
  },
  "minecraft:recipes/decorations/lantern": {
    "criteria": {
      "has_iron_nugget": "2024-07-07 04:10:35 +0000"
    },
    "done": true
  },
  "betterend:recipes/decorations/helix_tree_ladder": {
    "criteria": {
      "has_stick": "2024-07-07 04:14:13 +0000"
    },
    "done": true
  },
  "betterend:recipes/decorations/lacugrove_sign": {
    "criteria": {
      "has_stick": "2024-07-07 04:14:13 +0000"
    },
    "done": true
  },
  "betterend:recipes/building_blocks/pythadendron_bookshelf": {
    "criteria": {
      "has_book": "2024-07-07 04:07:43 +0000"
    },
    "done": true
  },
  "betterend:recipes/decorations/umbrella_tree_ladder": {
    "criteria": {
      "has_stick": "2024-07-07 04:14:13 +0000"
    },
    "done": true
  },
  "betterend:recipes/building_blocks/end_lotus_bookshelf": {
    "criteria": {
      "has_book": "2024-07-07 04:07:43 +0000"
    },
    "done": true
  },
  "minecraft:recipes/decorations/campfire": {
    "criteria": {
      "has_stick": "2024-07-07 04:14:13 +0000"
    },
    "done": true
  },
  "minecraft:recipes/tools/wooden_hoe": {
    "criteria": {
      "has_stick": "2024-07-07 04:14:13 +0000"
    },
    "done": true
  },
  "betterend:recipes/decorations/pythadendron_chair": {
    "criteria": {
      "has_stick": "2024-07-07 04:14:13 +0000"
    },
    "done": true
  },
  "betterend:recipes/decorations/pythadendron_ladder": {
    "criteria": {
      "has_stick": "2024-07-07 04:14:13 +0000"
    },
    "done": true
  },
  "betterend:recipes/decorations/umbrella_tree_chair": {
    "criteria": {
      "has_stick": "2024-07-07 04:14:13 +0000"
    },
    "done": true
  },
  "minecraft:recipes/misc/charcoal": {
    "criteria": {
      "has_log": "2024-07-07 04:06:42 +0000"
    },
    "done": true
  },
  "minecraft:recipes/decorations/item_frame": {
    "criteria": {
      "has_leather": "2024-07-07 04:07:44 +0000"
    },
    "done": true
  },
  "farmersdelight:recipes/farmersdelight/cooking/dog_food": {
    "criteria": {
      "has_any_ingredient": "2024-07-07 04:06:43 +0000"
    },
    "done": true
  },
  "betterend:recipes/misc/golden_hammer": {
    "criteria": {
      "has_stick": "2024-07-07 04:14:13 +0000"
    },
    "done": true
  },
  "betterend:recipes/decorations/end_lotus_taburet": {
    "criteria": {
      "has_stick": "2024-07-07 04:14:13 +0000"
    },
    "done": true
  },
  "farmersdelight:recipes/farmersdelight/cooking/mushroom_rice": {
    "criteria": {
      "has_any_ingredient": "2024-07-07 04:06:43 +0000"
    },
    "done": true
  },
  "betterend:recipes/misc/frost_walker_book": {
    "criteria": {
      "has_item.minecraft.book": "2024-07-07 04:07:43 +0000"
    },
    "done": true
  },
  "betterend:recipes/decorations/dragon_tree_ladder": {
    "criteria": {
      "has_stick": "2024-07-07 04:14:13 +0000"
    },
    "done": true
  },
  "usefulbackpacks:recipes/backpack_small": {
    "criteria": {
      "has_leather": "2024-07-07 04:07:44 +0000"
    },
    "done": true
  },
  "minecraft:recipes/tools/wooden_shovel": {
    "criteria": {
      "has_stick": "2024-07-07 04:14:13 +0000"
    },
    "done": true
  },
  "farmersdelight:recipes/farmersdelight/rice_bag": {
    "criteria": {
      "has_rice": "2024-07-07 04:06:43 +0000"
    },
    "done": true
  },
  "minecraft:recipes/redstone/dispenser": {
    "criteria": {
      "has_bow": "2024-07-07 04:10:29 +0000"
    },
    "done": true
  },
  "minecraft:recipes/building_blocks/cobblestone_slab": {
    "criteria": {
      "has_cobblestone": "2024-07-07 04:14:43 +0000"
    },
    "done": true
  },
  "farmersdelight:recipes/farmersdelight/cooking/beef_stew": {
    "criteria": {
      "has_any_ingredient": "2024-07-07 04:12:43 +0000"
    },
    "done": true
  },
  "betterend:recipes/decorations/umbrella_tree_sign": {
    "criteria": {
      "has_stick": "2024-07-07 04:14:13 +0000"
    },
    "done": true
  },
  "betterend:recipes/decorations/dragon_tree_bar_stool": {
    "criteria": {
      "has_stick": "2024-07-07 04:14:13 +0000"
    },
    "done": true
  },
  "betterend:recipes/building_blocks/mossy_glowshroom_bookshelf": {
    "criteria": {
      "has_book": "2024-07-07 04:07:43 +0000"
    },
    "done": true
  },
  "betterend:recipes/misc/knockback_book": {
    "criteria": {
      "has_item.minecraft.book": "2024-07-07 04:07:43 +0000"
    },
    "done": true
  },
  "betterend:recipes/decorations/end_lotus_sign": {
    "criteria": {
      "has_stick": "2024-07-07 04:14:13 +0000"
    },
    "done": true
  },
  "minecraft:recipes/combat/wooden_sword": {
    "criteria": {
      "has_stick": "2024-07-07 04:14:13 +0000"
    },
    "done": true
  },
  "betterend:recipes/building_blocks/lacugrove_bookshelf": {
    "criteria": {
      "has_book": "2024-07-07 04:07:43 +0000"
    },
    "done": true
  },
  "betterdungeons:root": {
    "criteria": {
      "always": "2024-07-07 04:05:10 +0000"
    },
    "done": true
  },
  "betterend:recipes/misc/sharpness_book": {
    "criteria": {
      "has_item.minecraft.book": "2024-07-07 04:07:43 +0000"
    },
    "done": true
  },
  "betterend:recipes/misc/fortune_book": {
    "criteria": {
      "has_item.minecraft.book": "2024-07-07 04:07:43 +0000"
    },
    "done": true
  },
  "minecraft:recipes/decorations/barrel": {
    "criteria": {
      "has_planks": "2024-07-07 04:14:05 +0000"
    },
    "done": true
  },
  "minecraft:recipes/combat/leather_boots": {
    "criteria": {
      "has_leather": "2024-07-07 04:07:44 +0000"
    },
    "done": true
  },
  "minecraft:recipes/decorations/cobblestone_wall_from_cobblestone_stonecutting": {
    "criteria": {
      "has_cobblestone": "2024-07-07 04:14:43 +0000"
    },
    "done": true
  },
  "betterend:recipes/decorations/lucernia_ladder": {
    "criteria": {
      "has_stick": "2024-07-07 04:14:13 +0000"
    },
    "done": true
  },
  "betterend:recipes/decorations/helix_tree_taburet": {
    "criteria": {
      "has_stick": "2024-07-07 04:14:13 +0000"
    },
    "done": true
  },
  "minecraft:recipes/building_blocks/cobblestone_stairs": {
    "criteria": {
      "has_cobblestone": "2024-07-07 04:14:43 +0000"
    },
    "done": true
  },
  "betterend:recipes/decorations/pythadendron_taburet": {
    "criteria": {
      "has_stick": "2024-07-07 04:14:13 +0000"
    },
    "done": true
  },
  "variantshields:recipes/decorations/shield": {
    "criteria": {
      "has_variant_item": "2024-07-07 04:05:10 +0000"
    },
    "done": true
  },
  "betterend:recipes/building_blocks/umbrella_tree_bookshelf": {
    "criteria": {
      "has_book": "2024-07-07 04:07:43 +0000"
    },
    "done": true
  },
  "betterend:recipes/decorations/tenanea_chair": {
    "criteria": {
      "has_stick": "2024-07-07 04:14:13 +0000"
    },
    "done": true
  },
  "betterend:recipes/misc/mending_book": {
    "criteria": {
      "has_item.minecraft.book": "2024-07-07 04:07:43 +0000"
    },
    "done": true
  },
  "betterend:recipes/decorations/tenanea_sign": {
    "criteria": {
      "has_stick": "2024-07-07 04:14:13 +0000"
    },
    "done": true
  },
  "variantshields:recipes/combat/spruce_wood_shield": {
    "criteria": {
      "has_plank": "2024-07-07 04:14:05 +0000"
    },
    "done": true
  },
  "aquamirae:adventure/root": {
    "criteria": {
      "crafting_table": "2024-07-07 04:14:10 +0000"
    },
    "done": true
  },
  "bclib:recipes/redstone/tag_piston": {
    "criteria": {
      "has_tag_minecraft_planks": "2024-07-07 04:14:05 +0000"
    },
    "done": true
  },
  "minecraft:recipes/tools/stone_shovel": {
    "criteria": {
      "has_cobblestone": "2024-07-07 04:14:43 +0000"
    },
    "done": true
  },
  "minecraft:recipes/misc/iron_ingot_from_nuggets": {
    "criteria": {
      "has_iron_nugget": "2024-07-07 04:10:35 +0000"
    },
    "done": true
  },
  "betterend:recipes/misc/punch_book": {
    "criteria": {
      "has_item.minecraft.book": "2024-07-07 04:07:43 +0000"
    },
    "done": true
  },
  "betterend:recipes/building_blocks/lucernia_bookshelf": {
    "criteria": {
      "has_book": "2024-07-07 04:07:43 +0000"
    },
    "done": true
  },
  "betterend:recipes/redstone/mossy_glowshroom_gate": {
    "criteria": {
      "has_stick": "2024-07-07 04:14:13 +0000"
    },
    "done": true
  },
  "minecraft:recipes/redstone/lever": {
    "criteria": {
      "has_cobblestone": "2024-07-07 04:14:43 +0000"
    },
    "done": true
  },
  "lootr:1chest": {
    "criteria": {
      "opened_chest": "2024-07-07 04:06:34 +0000"
    },
    "done": true
  },
  "betterend:recipes/decorations/helix_tree_chair": {
    "criteria": {
      "has_stick": "2024-07-07 04:14:13 +0000"
    },
    "done": true
  },
  "minecraft:recipes/combat/leather_leggings": {
    "criteria": {
      "has_leather": "2024-07-07 04:07:44 +0000"
    },
    "done": true
  },
  "betterend:recipes/decorations/end_lotus_chair": {
    "criteria": {
      "has_stick": "2024-07-07 04:14:13 +0000"
    },
    "done": true
  },
  "betterend:recipes/decorations/mossy_glowshroom_bar_stool": {
    "criteria": {
      "has_stick": "2024-07-07 04:14:13 +0000"
    },
    "done": true
  },
  "betterend:recipes/misc/infinity_book": {
    "criteria": {
      "has_item.minecraft.book": "2024-07-07 04:07:43 +0000"
    },
    "done": true
  },
  "betterend:recipes/misc/leather_wrapped_stick": {
    "criteria": {
      "has_stick": "2024-07-07 04:14:13 +0000"
    },
    "done": true
  },
  "minecraft:recipes/food/baked_potato_from_campfire_cooking": {
    "criteria": {
      "has_potato": "2024-07-07 04:12:43 +0000"
    },
    "done": true
  },
  "farmersdelight:recipes/farmersdelight/cooking/baked_cod_stew": {
    "criteria": {
      "has_any_ingredient": "2024-07-07 04:12:43 +0000"
    },
    "done": true
  },
  "minecraft:recipes/building_blocks/bookshelf": {
    "criteria": {
      "has_book": "2024-07-07 04:07:43 +0000"
    },
    "done": true
  },
  "betterend:recipes/decorations/dragon_tree_fence": {
    "criteria": {
      "has_stick": "2024-07-07 04:14:13 +0000"
    },
    "done": true
  },
  "betterend:recipes/misc/feather_falling_book": {
    "criteria": {
      "has_item.minecraft.book": "2024-07-07 04:07:43 +0000"
    },
    "done": true
  },
  "minecraft:recipes/combat/stone_sword": {
    "criteria": {
      "has_cobblestone": "2024-07-07 04:14:43 +0000"
    },
    "done": true
  },
  "minecraft:recipes/decorations/cobblestone_wall": {
    "criteria": {
      "has_cobblestone": "2024-07-07 04:14:43 +0000"
    },
    "done": true
  },
  "minecraft:recipes/tools/stone_axe": {
    "criteria": {
      "has_cobblestone": "2024-07-07 04:14:43 +0000"
    },
    "done": true
  },
  "betterend:recipes/decorations/mossy_glowshroom_sign": {
    "criteria": {
      "has_stick": "2024-07-07 04:14:13 +0000"
    },
    "done": true
  },
  "betterend:recipes/misc/aqua_affinity_book": {
    "criteria": {
      "has_item.minecraft.book": "2024-07-07 04:07:43 +0000"
    },
    "done": true
  },
  "betterend:recipes/misc/fire_aspect_book": {
    "criteria": {
      "has_item.minecraft.book": "2024-07-07 04:07:43 +0000"
    },
    "done": true
  },
  "betterend:recipes/misc/copy_terminite_upgrade": {
    "criteria": {
      "has_stick": "2024-07-07 04:14:13 +0000"
    },
    "done": true
  },
  "betterend:recipes/building_blocks/tenanea_bookshelf": {
    "criteria": {
      "has_book": "2024-07-07 04:07:43 +0000"
    },
    "done": true
  },
  "minecraft:recipes/food/baked_potato": {
    "criteria": {
      "has_potato": "2024-07-07 04:12:43 +0000"
    },
    "done": true
  },
  "betterend:recipes/decorations/tenanea_bar_stool": {
    "criteria": {
      "has_stick": "2024-07-07 04:14:13 +0000"
    },
    "done": true
  },
  "minecraft:recipes/decorations/spruce_sign": {
    "criteria": {
      "has_planks": "2024-07-07 04:14:05 +0000"
    },
    "done": true
  },
  "betterend:recipes/misc/leather_to_stripes": {
    "criteria": {
      "has_leather": "2024-07-07 04:07:44 +0000"
    },
    "done": true
  },
  "bclib:recipes/decorations/tag_smith_table": {
    "criteria": {
      "has_tag_minecraft_planks": "2024-07-07 04:14:05 +0000"
    },
    "done": true
  },
  "farmersdelight:recipes/farmersdelight/flint_knife": {
    "criteria": {
      "has_stick": "2024-07-07 04:14:13 +0000"
    },
    "done": true
  },
  "betterend:recipes/misc/efficiency_book": {
    "criteria": {
      "has_item.minecraft.book": "2024-07-07 04:07:43 +0000"
    },
    "done": true
  },
  "betterend:recipes/misc/projectile_protection_book": {
    "criteria": {
      "has_item.minecraft.book": "2024-07-07 04:07:43 +0000"
    },
    "done": true
  },
  "minecraft:recipes/building_blocks/emerald_block": {
    "criteria": {
      "has_emerald": "2024-07-07 04:12:37 +0000"
    },
    "done": true
  },
  "betterend:recipes/building_blocks/helix_tree_bookshelf": {
    "criteria": {
      "has_book": "2024-07-07 04:07:43 +0000"
    },
    "done": true
  },
  "betterend:recipes/decorations/tenanea_fence": {
    "criteria": {
      "has_stick": "2024-07-07 04:14:13 +0000"
    },
    "done": true
  },
  "farmersdelight:recipes/farmersdelight/cutting_board": {
    "criteria": {
      "has_stick": "2024-07-07 04:14:13 +0000"
    },
    "done": true
  },
  "twigs:recipes/cobblestone_bricks/cobblestone_brick_slab_from_cobblestone_stonecutting": {
    "criteria": {
      "has_item": "2024-07-07 04:14:43 +0000"
    },
    "done": true
  },
  "minecraft:recipes/decorations/chain": {
    "criteria": {
      "has_iron_nugget": "2024-07-07 04:10:35 +0000"
    },
    "done": true
  },
  "betterend:recipes/misc/fire_protection_book": {
    "criteria": {
      "has_item.minecraft.book": "2024-07-07 04:07:43 +0000"
    },
    "done": true
  },
  "betterend:recipes/decorations/lucernia_bar_stool": {
    "criteria": {
      "has_stick": "2024-07-07 04:14:13 +0000"
    },
    "done": true
  },
  "minecraft:recipes/building_blocks/chiseled_bookshelf": {
    "criteria": {
      "has_book": "2024-07-07 04:07:43 +0000"
    },
    "done": true
  },
  "minecraft:recipes/building_blocks/spruce_wood": {
    "criteria": {
      "has_log": "2024-07-07 04:06:42 +0000"
    },
    "done": true
  },
  "betterend:recipes/redstone/helix_tree_gate": {
    "criteria": {
      "has_stick": "2024-07-07 04:14:13 +0000"
    },
    "done": true
  },
  "mythicmobs:mythicmobs": {
    "criteria": {
      "tick": "2024-07-07 04:05:10 +0000"
    },
    "done": true
  },
  "lootr:root": {
    "criteria": {
      "always_true": "2024-07-07 04:05:10 +0000"
    },
    "done": true
  },
  "betterend:recipes/decorations/pythadendron_sign": {
    "criteria": {
      "has_stick": "2024-07-07 04:14:13 +0000"
    },
    "done": true
  },
  "bclib:recipes/transportation/tag_rail": {
    "criteria": {
      "has_stick": "2024-07-07 04:14:13 +0000"
    },
    "done": true
  },
  "betterend:recipes/decorations/mossy_glowshroom_chair": {
    "criteria": {
      "has_stick": "2024-07-07 04:14:13 +0000"
    },
    "done": true
  },
  "twigs:recipes/cobblestone_bricks/cobblestone_bricks_stonecutting": {
    "criteria": {
      "has_item": "2024-07-07 04:14:43 +0000"
    },
    "done": true
  },
  "twigs:recipes/cobblestone_bricks/cobblestone_bricks": {
    "criteria": {
      "has_item": "2024-07-07 04:14:43 +0000"
    },
    "done": true
  },
  "betterend:recipes/misc/copy_handle_attachment": {
    "criteria": {
      "has_stick": "2024-07-07 04:14:13 +0000"
    },
    "done": true
  },
  "bclib:recipes/combat/tag_shield": {
    "criteria": {
      "has_tag_minecraft_planks": "2024-07-07 04:14:05 +0000"
    },
    "done": true
  },
  "betterend:recipes/misc/sweeping_book": {
    "criteria": {
      "has_item.minecraft.book": "2024-07-07 04:07:43 +0000"
    },
    "done": true
  },
  "betterend:recipes/misc/respiration_book": {
    "criteria": {
      "has_item.minecraft.book": "2024-07-07 04:07:43 +0000"
    },
    "done": true
  },
  "minecraft:husbandry/root": {
    "criteria": {
      "consumed_item": "2024-07-07 04:10:10 +0000"
    },
    "done": true
  },
  "betterend:recipes/decorations/end_lotus_bar_stool": {
    "criteria": {
      "has_stick": "2024-07-07 04:14:13 +0000"
    },
    "done": true
  },
  "betterdeserttemples:root": {
    "criteria": {
      "always": "2024-07-07 04:05:10 +0000"
    },
    "done": true
  },
  "betterend:recipes/misc/iron_hammer": {
    "criteria": {
      "has_stick": "2024-07-07 04:14:13 +0000"
    },
    "done": true
  },
  "minecraft:recipes/building_blocks/spruce_slab": {
    "criteria": {
      "has_planks": "2024-07-07 04:14:05 +0000"
    },
    "done": true
  },
  "betterend:recipes/misc/soul_speed_book": {
    "criteria": {
      "has_item.minecraft.book": "2024-07-07 04:07:43 +0000"
    },
    "done": true
  },
  "betterend:recipes/redstone/end_lotus_gate": {
    "criteria": {
      "has_stick": "2024-07-07 04:14:13 +0000"
    },
    "done": true
  },
  "betterend:recipes/redstone/lacugrove_gate": {
    "criteria": {
      "has_stick": "2024-07-07 04:14:13 +0000"
    },
    "done": true
  },
  "betterend:recipes/decorations/pythadendron_bar_stool": {
    "criteria": {
      "has_stick": "2024-07-07 04:14:13 +0000"
    },
    "done": true
  },
  "betterend:recipes/misc/blast_protection_book": {
    "criteria": {
      "has_item.minecraft.book": "2024-07-07 04:07:43 +0000"
    },
    "done": true
  },
  "betterend:recipes/misc/looting_book": {
    "criteria": {
      "has_item.minecraft.book": "2024-07-07 04:07:43 +0000"
    },
    "done": true
  },
  "betterend:recipes/misc/depth_strider_book": {
    "criteria": {
      "has_item.minecraft.book": "2024-07-07 04:07:43 +0000"
    },
    "done": true
  },
  "betterend:recipes/misc/sweet_berry_jelly": {
    "criteria": {
      "has_sweet_berries": "2024-07-07 04:06:40 +0000"
    },
    "done": true
  },
  "betterend:recipes/misc/terminite_sword_handle": {
    "criteria": {
      "has_item.minecraft.stick": "2024-07-07 04:14:13 +0000"
    },
    "done": true
  },
  "minecraft:recipes/decorations/torch": {
    "criteria": {
      "has_stone_pickaxe": "2024-07-07 04:14:53 +0000"
    },
    "done": true
  },
  "minecraft:recipes/combat/shield": {
    "criteria": {
      "has_the_recipe": "2024-07-07 04:05:10 +0000"
    },
    "done": true
  },
  "minecraft:recipes/building_blocks/spruce_planks": {
    "criteria": {
      "has_logs": "2024-07-07 04:06:42 +0000"
    },
    "done": true
  },
  "betterend:recipes/misc/thallasium_sword_handle": {
    "criteria": {
      "has_item.minecraft.stick": "2024-07-07 04:14:13 +0000"
    },
    "done": true
  },
  "betterend:recipes/misc/bane_of_arthropods_book": {
    "criteria": {
      "has_item.minecraft.book": "2024-07-07 04:07:43 +0000"
    },
    "done": true
  },
  "betterend:recipes/decorations/jellyshroom_ladder": {
    "criteria": {
      "has_stick": "2024-07-07 04:14:13 +0000"
    },
    "done": true
  },
  "betterend:recipes/misc/copy_thallasium_upgrade": {
    "criteria": {
      "has_stick": "2024-07-07 04:14:13 +0000"
    },
    "done": true
  },
  "betterend:recipes/misc/unbreaking_book": {
    "criteria": {
      "has_item.minecraft.book": "2024-07-07 04:07:43 +0000"
    },
    "done": true
  },
  "betterend:recipes/misc/loyalty_book": {
    "criteria": {
      "has_item.minecraft.book": "2024-07-07 04:07:43 +0000"
    },
    "done": true
  },
  "betterend:recipes/misc/flame_book": {
    "criteria": {
      "has_item.minecraft.book": "2024-07-07 04:07:43 +0000"
    },
    "done": true
  },
  "betterend:recipes/decorations/end_lotus_fence": {
    "criteria": {
      "has_stick": "2024-07-07 04:14:13 +0000"
    },
    "done": true
  },
  "betterend:recipes/misc/thorns_book": {
    "criteria": {
      "has_item.minecraft.book": "2024-07-07 04:07:43 +0000"
    },
    "done": true
  },
  "betterend:recipes/misc/sweet_berry_jelly_potion": {
    "criteria": {
      "has_sweet_berries": "2024-07-07 04:06:40 +0000"
    },
    "done": true
  },
  "betterend:recipes/redstone/jellyshroom_gate": {
    "criteria": {
      "has_stick": "2024-07-07 04:14:13 +0000"
    },
    "done": true
  },
  "minecraft:recipes/tools/wooden_pickaxe": {
    "criteria": {
      "has_stick": "2024-07-07 04:14:13 +0000"
    },
    "done": true
  },
  "farmersdelight:main/root": {
    "criteria": {
      "seeds": "2024-07-07 04:05:10 +0000"
    },
    "done": true
  },
  "minecraft:recipes/food/baked_potato_from_smoking": {
    "criteria": {
      "has_potato": "2024-07-07 04:12:43 +0000"
    },
    "done": true
  },
  "minecraft:story/upgrade_tools": {
    "criteria": {
      "stone_pickaxe": "2024-07-07 04:14:53 +0000"
    },
    "done": true
  },
  "betterend:recipes/decorations/jellyshroom_taburet": {
    "criteria": {
      "has_stick": "2024-07-07 04:14:13 +0000"
    },
    "done": true
  },
  "rpg_series:classes": {
    "criteria": {
      "book": "2024-07-07 04:07:45 +0000"
    },
    "done": true
  },
  "betterend:recipes/building_blocks/jellyshroom_bookshelf": {
    "criteria": {
      "has_book": "2024-07-07 04:07:43 +0000"
    },
    "done": true
  },
  "betterend:recipes/decorations/jellyshroom_bar_stool": {
    "criteria": {
      "has_stick": "2024-07-07 04:14:13 +0000"
    },
    "done": true
  },
  "betterend:recipes/misc/lure_book": {
    "criteria": {
      "has_item.minecraft.book": "2024-07-07 04:07:43 +0000"
    },
    "done": true
  },
  "betterend:recipes/redstone/lucernia_gate": {
    "criteria": {
      "has_stick": "2024-07-07 04:14:13 +0000"
    },
    "done": true
  },
  "minecraft:recipes/redstone/spruce_trapdoor": {
    "criteria": {
      "has_planks": "2024-07-07 04:14:05 +0000"
    },
    "done": true
  },
  "betterend:recipes/decorations/lucernia_taburet": {
    "criteria": {
      "has_stick": "2024-07-07 04:14:13 +0000"
    },
    "done": true
  },
  "betterend:recipes/misc/diamond_hammer": {
    "criteria": {
      "has_stick": "2024-07-07 04:14:13 +0000"
    },
    "done": true
  },
  "minecraft:recipes/redstone/spruce_door": {
    "criteria": {
      "has_planks": "2024-07-07 04:14:05 +0000"
    },
    "done": true
  },
  "minecraft:recipes/redstone/spruce_fence_gate": {
    "criteria": {
      "has_planks": "2024-07-07 04:14:05 +0000"
    },
    "done": true
  },
  "betterend:recipes/decorations/lacugrove_fence": {
    "criteria": {
      "has_stick": "2024-07-07 04:14:13 +0000"
    },
    "done": true
  },
  "farmersdelight:recipes/farmersdelight/sweet_berry_cookie": {
    "criteria": {
      "has_sweet_berries": "2024-07-07 04:06:40 +0000"
    },
    "done": true
  },
  "betterend:recipes/redstone/dragon_tree_gate": {
    "criteria": {
      "has_stick": "2024-07-07 04:14:13 +0000"
    },
    "done": true
  },
  "betterend:recipes/misc/power_book": {
    "criteria": {
      "has_item.minecraft.book": "2024-07-07 04:07:43 +0000"
    },
    "done": true
  },
  "betterend:recipes/decorations/umbrella_tree_bar_stool": {
    "criteria": {
      "has_stick": "2024-07-07 04:14:13 +0000"
    },
    "done": true
  },
  "usefulbackpacks:recipes/filter_configurator": {
    "criteria": {
      "has_leather": "2024-07-07 04:07:44 +0000"
    },
    "done": true
  },
  "betterend:recipes/misc/smite_book": {
    "criteria": {
      "has_item.minecraft.book": "2024-07-07 04:07:43 +0000"
    },
    "done": true
  },
  "minecraft:adventure/adventuring_time": {
    "criteria": {
      "minecraft:river": "2024-07-07 04:11:42 +0000"
    },
    "done": false
  },
  "minecraft:recipes/building_blocks/cobblestone_stairs_from_cobblestone_stonecutting": {
    "criteria": {
      "has_cobblestone": "2024-07-07 04:14:43 +0000"
    },
    "done": true
  },
  "minecraft:husbandry/balanced_diet": {
    "criteria": {
      "bread": "2024-07-07 04:10:10 +0000"
    },
    "done": false
  },
  "betterend:recipes/decorations/umbrella_tree_taburet": {
    "criteria": {
      "has_stick": "2024-07-07 04:14:13 +0000"
    },
    "done": true
  },
  "minecraft:recipes/tools/stone_hoe": {
    "criteria": {
      "has_cobblestone": "2024-07-07 04:14:43 +0000"
    },
    "done": true
  },
  "minecraft:recipes/building_blocks/spruce_stairs": {
    "criteria": {
      "has_planks": "2024-07-07 04:14:05 +0000"
    },
    "done": true
  },
  "betterend:recipes/decorations/tenanea_ladder": {
    "criteria": {
      "has_stick": "2024-07-07 04:14:13 +0000"
    },
    "done": true
  },
  "betterend:recipes/decorations/mossy_glowshroom_taburet": {
    "criteria": {
      "has_stick": "2024-07-07 04:14:13 +0000"
    },
    "done": true
  },
  "minecraft:story/root": {
    "criteria": {
      "crafting_table": "2024-07-07 04:14:10 +0000"
    },
    "done": true
  },
  "betterend:recipes/decorations/mossy_glowshroom_fence": {
    "criteria": {
      "has_stick": "2024-07-07 04:14:13 +0000"
    },
    "done": true
  },
  "betterend:recipes/misc/copy_leather_handle_attachment": {
    "criteria": {
      "has_leather": "2024-07-07 04:07:44 +0000"
    },
    "done": true
  },
  "betterend:recipes/misc/silk_touch_book": {
    "criteria": {
      "has_item.minecraft.book": "2024-07-07 04:07:43 +0000"
    },
    "done": true
  },
  "betterend:recipes/misc/multishot_book": {
    "criteria": {
      "has_item.minecraft.book": "2024-07-07 04:07:43 +0000"
    },
    "done": true
  },
  "betterend:recipes/decorations/mossy_glowshroom_ladder": {
    "criteria": {
      "has_stick": "2024-07-07 04:14:13 +0000"
    },
    "done": true
  },
  "betterend:recipes/decorations/dragon_tree_sign": {
    "criteria": {
      "has_stick": "2024-07-07 04:14:13 +0000"
    },
    "done": true
  },
  "betterend:recipes/decorations/dragon_tree_chair": {
    "criteria": {
      "has_stick": "2024-07-07 04:14:13 +0000"
    },
    "done": true
  },
  "DataVersion": 3465
}