{
  "betterend:recipes/misc/luck_of_sea_book": {
    "criteria": {
      "has_item.minecraft.book": "2024-07-07 04:07:43 +0000"
    },
    "done": true
  },
  "minecraft:recipes/building_blocks/polished_deepslate": {
    "criteria": {
      "has_cobbled_deepslate": "2024-07-07 04:24:16 +0000"
    },
    "done": true
  },
  "minecraft:recipes/combat/leather_helmet": {
    "criteria": {
      "has_leather": "2024-07-07 04:07:44 +0000"
    },
    "done": true
  },
  "minecraft:recipes/decorations/ladder": {
    "criteria": {
      "has_stick": "2024-07-07 04:14:13 +0000"
    },
    "done": true
  },
  "betterend:recipes/misc/quick_charge_book": {
    "criteria": {
      "has_item.minecraft.book": "2024-07-07 04:07:43 +0000"
    },
    "done": true
  },
  "betterend:recipes/decorations/lacugrove_bar_stool": {
    "criteria": {
      "has_stick": "2024-07-07 04:14:13 +0000"
    },
    "done": true
  },
  "rpg_series:root": {
    "criteria": {
      "always": "2024-07-07 04:05:10 +0000"
    },
    "done": true
  },
  "minecraft:recipes/building_blocks/deepslate_tile_stairs_from_cobbled_deepslate_stonecutting": {
    "criteria": {
      "has_cobbled_deepslate": "2024-07-07 04:24:16 +0000"
    },
    "done": true
  },
  "bclib:recipes/tools/tag_compass": {
    "criteria": {
      "has_tag_c_iron_ingots": "2024-07-07 04:26:38 +0000"
    },
    "done": true
  },
  "farmersdelight:recipes/tools/lead_from_rope": {
    "criteria": {
      "has_rope": "2024-07-07 04:40:30 +0000"
    },
    "done": true
  },
  "deeperdarker:recipes/transportation/echo_boat": {
    "criteria": {
      "in_water": "2024-07-07 04:21:01 +0000"
    },
    "done": true
  },
  "minecraft:recipes/decorations/fletching_table": {
    "criteria": {
      "has_flint": "2024-07-07 04:17:31 +0000"
    },
    "done": true
  },
  "minecraft:recipes/food/cooked_mutton_from_smoking": {
    "criteria": {
      "has_mutton": "2024-07-07 05:16:29 +0000"
    },
    "done": true
  },
  "betterend:recipes/decorations/lucernia_chair": {
    "criteria": {
      "has_stick": "2024-07-07 04:14:13 +0000"
    },
    "done": true
  },
  "betterend:recipes/decorations/lacugrove_taburet": {
    "criteria": {
      "has_stick": "2024-07-07 04:14:13 +0000"
    },
    "done": true
  },
  "betterend:recipes/decorations/helix_tree_sign": {
    "criteria": {
      "has_stick": "2024-07-07 04:14:13 +0000"
    },
    "done": true
  },
  "minecraft:story/deflect_arrow": {
    "criteria": {
      "deflected_projectile": "2024-07-07 04:47:31 +0000"
    },
    "done": true
  },
  "goodending:recipes/cypress_boat": {
    "criteria": {
      "in_water": "2024-07-07 04:21:01 +0000"
    },
    "done": true
  },
  "variantshields:recipes/combat/jungle_golden_shield": {
    "criteria": {
      "has_gold_ingot": "2024-07-07 04:28:24 +0000"
    },
    "done": true
  },
  "minecraft:recipes/tools/golden_axe": {
    "criteria": {
      "has_gold_ingot": "2024-07-07 04:28:24 +0000"
    },
    "done": true
  },
  "betterend:recipes/decorations/jellyshroom_chair": {
    "criteria": {
      "has_stick": "2024-07-07 04:14:13 +0000"
    },
    "done": true
  },
  "betterend:recipes/misc/charcoal_block": {
    "criteria": {
      "has_charcoal": "2024-07-07 04:34:16 +0000"
    },
    "done": true
  },
  "strangeberries:root": {
    "criteria": {
      "berries": "2024-07-07 04:10:10 +0000"
    },
    "done": true
  },
  "farmersdelight:recipes/farmersdelight/iron_knife": {
    "criteria": {
      "has_iron_ingot": "2024-07-07 04:26:38 +0000"
    },
    "done": true
  },
  "betterend:recipes/decorations/lacugrove_ladder": {
    "criteria": {
      "has_stick": "2024-07-07 04:14:13 +0000"
    },
    "done": true
  },
  "comforts:rope_and_nail": {
    "criteria": {
      "has_iron": "2024-07-07 04:26:38 +0000"
    },
    "done": true
  },
  "minecraft:recipes/tools/golden_pickaxe": {
    "criteria": {
      "has_gold_ingot": "2024-07-07 04:28:24 +0000"
    },
    "done": true
  },
  "betterend:recipes/decorations/end_lotus_ladder": {
    "criteria": {
      "has_stick": "2024-07-07 04:14:13 +0000"
    },
    "done": true
  },
  "minecraft:recipes/building_blocks/lapis_block": {
    "criteria": {
      "has_lapis_lazuli": "2024-07-07 04:39:25 +0000"
    },
    "done": true
  },
  "variantshields:recipes/combat/crimson_iron_shield": {
    "criteria": {
      "has_iron_ingot": "2024-07-07 04:26:38 +0000"
    },
    "done": true
  },
  "minecraft:recipes/building_blocks/raw_iron_block": {
    "criteria": {
      "has_raw_iron": "2024-07-07 04:23:50 +0000"
    },
    "done": true
  },
  "twigs:recipes/cobblestone_bricks/cobblestone_brick_wall_from_cobblestone_stonecutting": {
    "criteria": {
      "has_item": "2024-07-07 04:14:43 +0000"
    },
    "done": true
  },
  "minecraft:recipes/combat/diamond_sword": {
    "criteria": {
      "has_diamond": "2024-07-07 04:35:00 +0000"
    },
    "done": true
  },
  "minecraft:recipes/decorations/jukebox": {
    "criteria": {
      "has_diamond": "2024-07-07 04:35:00 +0000"
    },
    "done": true
  },
  "minecraft:recipes/misc/gold_nugget": {
    "criteria": {
      "has_gold_ingot": "2024-07-07 04:28:24 +0000"
    },
    "done": true
  },
  "minecraft:recipes/combat/iron_helmet": {
    "criteria": {
      "has_iron_ingot": "2024-07-07 04:26:38 +0000"
    },
    "done": true
  },
  "minecraft:recipes/tools/golden_shovel": {
    "criteria": {
      "has_gold_ingot": "2024-07-07 04:28:24 +0000"
    },
    "done": true
  },
  "variantshields:recipes/combat/dark_oak_golden_shield": {
    "criteria": {
      "has_gold_ingot": "2024-07-07 04:28:24 +0000"
    },
    "done": true
  },
  "minecraft:recipes/combat/diamond_chestplate": {
    "criteria": {
      "has_diamond": "2024-07-07 04:35:00 +0000"
    },
    "done": true
  },
  "minecraft:story/mine_stone": {
    "criteria": {
      "get_stone": "2024-07-07 04:14:43 +0000"
    },
    "done": true
  },
  "minecraft:recipes/decorations/furnace": {
    "criteria": {
      "has_cobblestone": "2024-07-07 04:14:43 +0000"
    },
    "done": true
  },
  "betterend:recipes/decorations/tenanea_taburet": {
    "criteria": {
      "has_stick": "2024-07-07 04:14:13 +0000"
    },
    "done": true
  },
  "minecraft:recipes/food/golden_apple": {
    "criteria": {
      "has_gold_ingot": "2024-07-07 04:28:24 +0000"
    },
    "done": true
  },
  "betterend:recipes/misc/piercing_book": {
    "criteria": {
      "has_item.minecraft.book": "2024-07-07 04:07:43 +0000"
    },
    "done": true
  },
  "twigs:recipes/tables/spruce_table": {
    "criteria": {
      "has_bamboo": "2024-07-07 04:14:05 +0000"
    },
    "done": true
  },
  "1_splatus:ultris/technical/used_shield": {
    "criteria": {
      "requirement": "2024-07-07 04:06:47 +0000"
    },
    "done": true
  },
  "minecraft:recipes/building_blocks/stone_brick_stairs": {
    "criteria": {
      "has_stone_bricks": "2024-07-07 04:47:42 +0000"
    },
    "done": true
  },
  "minecraft:recipes/combat/golden_boots": {
    "criteria": {
      "has_gold_ingot": "2024-07-07 04:28:24 +0000"
    },
    "done": true
  },
  "minecraft:recipes/tools/wooden_axe": {
    "criteria": {
      "has_stick": "2024-07-07 04:14:13 +0000"
    },
    "done": true
  },
  "betterend:recipes/misc/impaling_book": {
    "criteria": {
      "has_item.minecraft.book": "2024-07-07 04:07:43 +0000"
    },
    "done": true
  },
  "farmersdelight:recipes/farmersdelight/cooking/fried_rice": {
    "criteria": {
      "has_any_ingredient": "2024-07-07 04:06:43 +0000"
    },
    "done": true
  },
  "farmersdelight:main/get_fd_seed": {
    "criteria": {
      "rice": "2024-07-07 04:06:43 +0000"
    },
    "done": true
  },
  "minecraft:recipes/combat/leather_chestplate": {
    "criteria": {
      "has_leather": "2024-07-07 04:07:44 +0000"
    },
    "done": true
  },
  "immersive_aircraft:misc/aircraftery": {
    "criteria": {
      "has_item": "2024-07-07 04:26:38 +0000"
    },
    "done": true
  },
  "1_splatus:ultris/root": {
    "criteria": {
      "c1": "2024-07-07 04:05:09 +0000"
    },
    "done": true
  },
  "betterend:recipes/decorations/pythadendron_fence": {
    "criteria": {
      "has_stick": "2024-07-07 04:14:13 +0000"
    },
    "done": true
  },
  "minecraft:adventure/shoot_arrow": {
    "criteria": {
      "shot_arrow": "2024-07-07 04:49:03 +0000"
    },
    "done": true
  },
  "betterend:recipes/misc/swift_sneak_book": {
    "criteria": {
      "has_item.minecraft.book": "2024-07-07 04:07:43 +0000"
    },
    "done": true
  },
  "farmersdelight:recipes/farmersdelight/cooking/cooked_rice": {
    "criteria": {
      "has_rice": "2024-07-07 04:06:43 +0000"
    },
    "done": true
  },
  "repurposed_structures:root": {
    "criteria": {
      "always": "2024-07-07 04:05:10 +0000"
    },
    "done": true
  },
  "minecraft:recipes/decorations/crafting_table": {
    "criteria": {
      "unlock_right_away": "2024-07-07 04:05:10 +0000"
    },
    "done": true
  },
  "minecraft:recipes/decorations/chest": {
    "criteria": {
      "has_lots_of_items": "2024-07-07 04:07:19 +0000"
    },
    "done": true
  },
  "minecraft:story/shiny_gear": {
    "criteria": {
      "diamond_chestplate": "2024-07-07 04:44:10 +0000"
    },
    "done": true
  },
  "minecraft:recipes/building_blocks/cobbled_deepslate_slab": {
    "criteria": {
      "has_cobbled_deepslate": "2024-07-07 04:24:16 +0000"
    },
    "done": true
  },
  "minecraft:recipes/tools/shears": {
    "criteria": {
      "has_iron_ingot": "2024-07-07 04:26:38 +0000"
    },
    "done": true
  },
  "minecraft:recipes/misc/stick": {
    "criteria": {
      "has_planks": "2024-07-07 04:14:05 +0000"
    },
    "done": true
  },
  "variantshields:recipes/combat/warped_diamond_shield": {
    "criteria": {
      "has_diamond": "2024-07-07 04:35:00 +0000"
    },
    "done": true
  },
  "minecraft:recipes/tools/spyglass": {
    "criteria": {
      "has_amethyst_shard": "2024-07-07 04:34:57 +0000"
    },
    "done": true
  },
  "minecraft:recipes/redstone/lectern": {
    "criteria": {
      "has_book": "2024-07-07 04:07:43 +0000"
    },
    "done": true
  },
  "minecraft:adventure/sleep_in_bed": {
    "criteria": {
      "slept_in_bed": "2024-07-07 04:09:10 +0000"
    },
    "done": true
  },
  "minecraft:recipes/building_blocks/cobblestone_slab_from_cobblestone_stonecutting": {
    "criteria": {
      "has_cobblestone": "2024-07-07 04:14:43 +0000"
    },
    "done": true
  },
  "minecraft:recipes/transportation/cherry_boat": {
    "criteria": {
      "in_water": "2024-07-07 04:21:01 +0000"
    },
    "done": true
  },
  "minecraft:recipes/tools/diamond_pickaxe": {
    "criteria": {
      "has_diamond": "2024-07-07 04:35:00 +0000"
    },
    "done": true
  },
  "minecraft:recipes/redstone/lightning_rod": {
    "criteria": {
      "has_copper_ingot": "2024-07-07 04:28:27 +0000"
    },
    "done": true
  },
  "minecraft:adventure/kill_all_mobs": {
    "criteria": {
      "minecraft:pillager": "2024-07-07 05:02:56 +0000",
      "minecraft:skeleton": "2024-07-07 04:47:35 +0000",
      "minecraft:spider": "2024-07-07 04:39:35 +0000",
      "minecraft:enderman": "2024-07-07 04:57:21 +0000",
      "minecraft:zombie": "2024-07-07 04:25:54 +0000"
    },
    "done": false
  },
  "farmersdelight:recipes/farmersdelight/cooking/apple_cider": {
    "criteria": {
      "has_apple": "2024-07-07 04:12:38 +0000"
    },
    "done": true
  },
  "betterend:recipes/misc/guide_book": {
    "criteria": {
      "has_book": "2024-07-07 04:07:43 +0000"
    },
    "done": true
  },
  "betterend:recipes/decorations/lacugrove_chair": {
    "criteria": {
      "has_stick": "2024-07-07 04:14:13 +0000"
    },
    "done": true
  },
  "minecraft:recipes/combat/golden_chestplate": {
    "criteria": {
      "has_gold_ingot": "2024-07-07 04:28:24 +0000"
    },
    "done": true
  },
  "twigs:recipes/tuff/tuff_stairs_stonecutting": {
    "criteria": {
      "has_item": "2024-07-07 04:37:07 +0000"
    },
    "done": true
  },
  "minecraft:recipes/building_blocks/iron_block": {
    "criteria": {
      "has_iron_ingot": "2024-07-07 04:26:38 +0000"
    },
    "done": true
  },
  "minecraft:recipes/building_blocks/clay": {
    "criteria": {
      "has_clay_ball": "2024-07-07 04:38:49 +0000"
    },
    "done": true
  },
  "variantshields:recipes/combat/spruce_iron_shield": {
    "criteria": {
      "has_iron_ingot": "2024-07-07 04:26:38 +0000"
    },
    "done": true
  },
  "minecraft:recipes/redstone/tripwire_hook": {
    "criteria": {
      "has_string": "2024-07-07 04:17:30 +0000"
    },
    "done": true
  },
  "betterend:recipes/redstone/umbrella_tree_gate": {
    "criteria": {
      "has_stick": "2024-07-07 04:14:13 +0000"
    },
    "done": true
  },
  "minecraft:recipes/building_blocks/stone": {
    "criteria": {
      "has_cobblestone": "2024-07-07 04:14:43 +0000"
    },
    "done": true
  },
  "minecraft:recipes/transportation/bamboo_raft": {
    "criteria": {
      "in_water": "2024-07-07 04:21:01 +0000"
    },
    "done": true
  },
  "twigs:recipes/tuff/tuff_wall_stonecutting": {
    "criteria": {
      "has_item": "2024-07-07 04:37:07 +0000"
    },
    "done": true
  },
  "betterend:recipes/decorations/lucernia_fence": {
    "criteria": {
      "has_stick": "2024-07-07 04:14:13 +0000"
    },
    "done": true
  },
  "minecraft:recipes/misc/writable_book": {
    "criteria": {
      "has_book": "2024-07-07 04:07:43 +0000"
    },
    "done": true
  },
  "minecraft:recipes/decorations/candle": {
    "criteria": {
      "has_string": "2024-07-07 04:17:30 +0000"
    },
    "done": true
  },
  "repurposed_structures:witch_huts": {
    "criteria": {
      "in_witch_hut_taiga": "2024-07-07 04:09:47 +0000"
    },
    "done": false
  },
  "farmersdelight:recipes/farmersdelight/safety_net": {
    "criteria": {
      "has_rope": "2024-07-07 04:40:30 +0000"
    },
    "done": true
  },
  "betterend:recipes/misc/protection_book": {
    "criteria": {
      "has_item.minecraft.book": "2024-07-07 04:07:43 +0000"
    },
    "done": true
  },
  "minecraft:recipes/misc/leather_horse_armor": {
    "criteria": {
      "has_leather": "2024-07-07 04:07:44 +0000"
    },
    "done": true
  },
  "variantshields:recipes/combat/dark_oak_diamond_shield": {
    "criteria": {
      "has_diamond": "2024-07-07 04:35:00 +0000"
    },
    "done": true
  },
  "minecraft:recipes/decorations/spruce_fence": {
    "criteria": {
      "has_planks": "2024-07-07 04:14:05 +0000"
    },
    "done": true
  },
  "minecraft:recipes/tools/diamond_hoe": {
    "criteria": {
      "has_diamond": "2024-07-07 04:35:00 +0000"
    },
    "done": true
  },
  "minecraft:recipes/tools/diamond_shovel": {
    "criteria": {
      "has_diamond": "2024-07-07 04:35:00 +0000"
    },
    "done": true
  },
  "twigs:recipes/tuff/tuff_slab_stonecutting": {
    "criteria": {
      "has_item": "2024-07-07 04:37:07 +0000"
    },
    "done": true
  },
  "betterend:recipes/misc/ender_perl_to_block": {
    "criteria": {
      "has_ender_pearl": "2024-07-07 04:28:26 +0000"
    },
    "done": true
  },
  "betterend:recipes/decorations/umbrella_tree_fence": {
    "criteria": {
      "has_stick": "2024-07-07 04:14:13 +0000"
    },
    "done": true
  },
  "betterend:recipes/decorations/helix_tree_bar_stool": {
    "criteria": {
      "has_stick": "2024-07-07 04:14:13 +0000"
    },
    "done": true
  },
  "twigs:recipes/cobblestone_bricks/cobblestone_brick_stairs_from_cobblestone_stonecutting": {
    "criteria": {
      "has_item": "2024-07-07 04:14:43 +0000"
    },
    "done": true
  },
  "minecraft:recipes/redstone/light_weighted_pressure_plate": {
    "criteria": {
      "has_gold_ingot": "2024-07-07 04:28:24 +0000"
    },
    "done": true
  },
  "betterend:recipes/misc/channeling_book": {
    "criteria": {
      "has_item.minecraft.book": "2024-07-07 04:07:43 +0000"
    },
    "done": true
  },
  "minecraft:recipes/building_blocks/polished_deepslate_stairs_from_cobbled_deepslate_stonecutting": {
    "criteria": {
      "has_cobbled_deepslate": "2024-07-07 04:24:16 +0000"
    },
    "done": true
  },
  "betterarcheology:recipes/recipe_iron_brush": {
    "criteria": {
      "has_item": "2024-07-07 04:26:38 +0000"
    },
    "done": true
  },
  "betterend:recipes/misc/riptide_book": {
    "criteria": {
      "has_item.minecraft.book": "2024-07-07 04:07:43 +0000"
    },
    "done": true
  },
  "betterend:recipes/decorations/jellyshroom_sign": {
    "criteria": {
      "has_stick": "2024-07-07 04:14:13 +0000"
    },
    "done": true
  },
  "betterend:recipes/redstone/tenanea_gate": {
    "criteria": {
      "has_stick": "2024-07-07 04:14:13 +0000"
    },
    "done": true
  },
  "betterend:recipes/decorations/dragon_tree_taburet": {
    "criteria": {
      "has_stick": "2024-07-07 04:14:13 +0000"
    },
    "done": true
  },
  "betterend:recipes/decorations/jellyshroom_fence": {
    "criteria": {
      "has_stick": "2024-07-07 04:14:13 +0000"
    },
    "done": true
  },
  "minecraft:recipes/building_blocks/copper_block": {
    "criteria": {
      "has_copper_ingot": "2024-07-07 04:28:27 +0000"
    },
    "done": true
  },
  "betterend:recipes/building_blocks/dragon_tree_bookshelf": {
    "criteria": {
      "has_book": "2024-07-07 04:07:43 +0000"
    },
    "done": true
  },
  "minecraft:recipes/redstone/spruce_button": {
    "criteria": {
      "has_planks": "2024-07-07 04:14:05 +0000"
    },
    "done": true
  },
  "twigs:recipes/tuff/tuff_wall": {
    "criteria": {
      "has_item": "2024-07-07 04:37:07 +0000"
    },
    "done": true
  },
  "minecraft:recipes/redstone/hopper": {
    "criteria": {
      "has_iron_ingot": "2024-07-07 04:26:38 +0000"
    },
    "done": true
  },
  "minecraft:recipes/redstone/calibrated_sculk_sensor": {
    "criteria": {
      "has_amethyst_shard": "2024-07-07 04:34:57 +0000"
    },
    "done": true
  },
  "betterend:recipes/decorations/lucernia_sign": {
    "criteria": {
      "has_stick": "2024-07-07 04:14:13 +0000"
    },
    "done": true
  },
  "minecraft:recipes/building_blocks/tinted_glass": {
    "criteria": {
      "has_amethyst_shard": "2024-07-07 04:34:57 +0000"
    },
    "done": true
  },
  "minecraft:recipes/decorations/deepslate_brick_wall_from_cobbled_deepslate_stonecutting": {
    "criteria": {
      "has_cobbled_deepslate": "2024-07-07 04:24:16 +0000"
    },
    "done": true
  },
  "minecraft:recipes/misc/copper_ingot_from_blasting_raw_copper": {
    "criteria": {
      "has_raw_copper": "2024-07-07 04:31:46 +0000"
    },
    "done": true
  },
  "lootr:social": {
    "criteria": {
      "opened_barrel": "2024-07-07 04:34:51 +0000",
      "opened_chest": "2024-07-07 04:06:34 +0000"
    },
    "done": false
  },
  "minecraft:recipes/building_blocks/polished_deepslate_from_cobbled_deepslate_stonecutting": {
    "criteria": {
      "has_cobbled_deepslate": "2024-07-07 04:24:16 +0000"
    },
    "done": true
  },
  "minecraft:recipes/food/cooked_beef_from_smoking": {
    "criteria": {
      "has_beef": "2024-07-07 05:12:44 +0000"
    },
    "done": true
  },
  "minecraft:recipes/building_blocks/raw_copper_block": {
    "criteria": {
      "has_raw_copper": "2024-07-07 04:31:46 +0000"
    },
    "done": true
  },
  "betterend:recipes/decorations/helix_tree_fence": {
    "criteria": {
      "has_stick": "2024-07-07 04:14:13 +0000"
    },
    "done": true
  },
  "minecraft:recipes/tools/brush": {
    "criteria": {
      "has_copper_ingot": "2024-07-07 04:28:27 +0000"
    },
    "done": true
  },
  "betterend:root": {
    "criteria": {
      "welcome": "2024-07-07 04:05:11 +0000"
    },
    "done": true
  },
  "variantshields:recipes/combat/warped_iron_shield": {
    "criteria": {
      "has_iron_ingot": "2024-07-07 04:26:38 +0000"
    },
    "done": true
  },
  "betterend:recipes/redstone/pythadendron_gate": {
    "criteria": {
      "has_stick": "2024-07-07 04:14:13 +0000"
    },
    "done": true
  },
  "minecraft:recipes/combat/iron_boots": {
    "criteria": {
      "has_iron_ingot": "2024-07-07 04:26:38 +0000"
    },
    "done": true
  },
  "variantshields:recipes/combat/warped_golden_shield": {
    "criteria": {
      "has_gold_ingot": "2024-07-07 04:28:24 +0000"
    },
    "done": true
  },
  "comforts:sleeping_bag_white": {
    "criteria": {
      "has_white_wool": "2024-07-07 05:16:29 +0000"
    },
    "done": true
  },
  "betterend:recipes/misc/copy_tool_assembly": {
    "criteria": {
      "has_stick": "2024-07-07 04:14:13 +0000"
    },
    "done": true
  },
  "alloy_forgery:recipes/alloy_forgery/gold_block": {
    "criteria": {
      "has_the_recipe": "2024-07-07 04:28:24 +0000"
    },
    "done": true
  },
  "minecraft:recipes/redstone/spruce_pressure_plate": {
    "criteria": {
      "has_planks": "2024-07-07 04:14:05 +0000"
    },
    "done": true
  },
  "minecraft:recipes/tools/stone_pickaxe": {
    "criteria": {
      "has_cobblestone": "2024-07-07 04:14:43 +0000"
    },
    "done": true
  },
  "minecraft:recipes/decorations/lantern": {
    "criteria": {
      "has_iron_nugget": "2024-07-07 04:10:35 +0000"
    },
    "done": true
  },
  "betterend:recipes/decorations/helix_tree_ladder": {
    "criteria": {
      "has_stick": "2024-07-07 04:14:13 +0000"
    },
    "done": true
  },
  "betterend:recipes/decorations/lacugrove_sign": {
    "criteria": {
      "has_stick": "2024-07-07 04:14:13 +0000"
    },
    "done": true
  },
  "minecraft:recipes/building_blocks/cobbled_deepslate_slab_from_cobbled_deepslate_stonecutting": {
    "criteria": {
      "has_cobbled_deepslate": "2024-07-07 04:24:16 +0000"
    },
    "done": true
  },
  "betterend:recipes/building_blocks/pythadendron_bookshelf": {
    "criteria": {
      "has_book": "2024-07-07 04:07:43 +0000"
    },
    "done": true
  },
  "betterend:recipes/decorations/umbrella_tree_ladder": {
    "criteria": {
      "has_stick": "2024-07-07 04:14:13 +0000"
    },
    "done": true
  },
  "betterend:recipes/building_blocks/end_lotus_bookshelf": {
    "criteria": {
      "has_book": "2024-07-07 04:07:43 +0000"
    },
    "done": true
  },
  "minecraft:recipes/decorations/campfire": {
    "criteria": {
      "has_stick": "2024-07-07 04:14:13 +0000"
    },
    "done": true
  },
  "minecraft:recipes/building_blocks/deepslate_tile_slab_from_cobbled_deepslate_stonecutting": {
    "criteria": {
      "has_cobbled_deepslate": "2024-07-07 04:24:16 +0000"
    },
    "done": true
  },
  "minecraft:recipes/tools/wooden_hoe": {
    "criteria": {
      "has_stick": "2024-07-07 04:14:13 +0000"
    },
    "done": true
  },
  "strangeberries:quick_snack": {
    "criteria": {
      "requirement": "2024-07-07 04:51:07 +0000"
    },
    "done": true
  },
  "betterend:recipes/decorations/pythadendron_chair": {
    "criteria": {
      "has_stick": "2024-07-07 04:14:13 +0000"
    },
    "done": true
  },
  "twigs:recipes/tuff/polished_tuff": {
    "criteria": {
      "has_item": "2024-07-07 04:37:07 +0000"
    },
    "done": true
  },
  "betterend:recipes/decorations/pythadendron_ladder": {
    "criteria": {
      "has_stick": "2024-07-07 04:14:13 +0000"
    },
    "done": true
  },
  "bclib:recipes/transportation/tag_minecart": {
    "criteria": {
      "has_tag_c_iron_ingots": "2024-07-07 04:26:38 +0000"
    },
    "done": true
  },
  "betterend:recipes/decorations/umbrella_tree_chair": {
    "criteria": {
      "has_stick": "2024-07-07 04:14:13 +0000"
    },
    "done": true
  },
  "minecraft:recipes/misc/charcoal": {
    "criteria": {
      "has_log": "2024-07-07 04:06:42 +0000"
    },
    "done": true
  },
  "minecraft:recipes/building_blocks/stone_brick_slab": {
    "criteria": {
      "has_stone_bricks": "2024-07-07 04:47:42 +0000"
    },
    "done": true
  },
  "minecraft:recipes/tools/iron_shovel": {
    "criteria": {
      "has_iron_ingot": "2024-07-07 04:26:38 +0000"
    },
    "done": true
  },
  "minecraft:recipes/decorations/item_frame": {
    "criteria": {
      "has_leather": "2024-07-07 04:07:44 +0000"
    },
    "done": true
  },
  "farmersdelight:recipes/farmersdelight/cooking/dog_food": {
    "criteria": {
      "has_any_ingredient": "2024-07-07 04:06:43 +0000"
    },
    "done": true
  },
  "bclib:recipes/misc/tag_bucket": {
    "criteria": {
      "has_tag_c_iron_ingots": "2024-07-07 04:26:38 +0000"
    },
    "done": true
  },
  "lootr:25loot": {
    "criteria": {
      "loot_stat": "2024-07-07 04:52:36 +0000"
    },
    "done": true
  },
  "minecraft:recipes/combat/diamond_helmet": {
    "criteria": {
      "has_diamond": "2024-07-07 04:35:00 +0000"
    },
    "done": true
  },
  "lootr:1barrel": {
    "criteria": {
      "opened_barrel": "2024-07-07 04:34:51 +0000"
    },
    "done": true
  },
  "betterend:recipes/misc/golden_hammer": {
    "criteria": {
      "has_stick": "2024-07-07 04:14:13 +0000"
    },
    "done": true
  },
  "betterend:recipes/misc/end_stone_smelter": {
    "criteria": {
      "has_tag_c_furnaces": "2024-07-07 04:25:01 +0000"
    },
    "done": true
  },
  "betterend:recipes/decorations/end_lotus_taburet": {
    "criteria": {
      "has_stick": "2024-07-07 04:14:13 +0000"
    },
    "done": true
  },
  "farmersdelight:recipes/farmersdelight/cooking/mushroom_rice": {
    "criteria": {
      "has_any_ingredient": "2024-07-07 04:06:43 +0000"
    },
    "done": true
  },
  "betterend:recipes/misc/frost_walker_book": {
    "criteria": {
      "has_item.minecraft.book": "2024-07-07 04:07:43 +0000"
    },
    "done": true
  },
  "betterend:recipes/decorations/dragon_tree_ladder": {
    "criteria": {
      "has_stick": "2024-07-07 04:14:13 +0000"
    },
    "done": true
  },
  "variantshields:recipes/combat/mangrove_iron_shield": {
    "criteria": {
      "has_iron_ingot": "2024-07-07 04:26:38 +0000"
    },
    "done": true
  },
  "betterend:recipes/misc/ender_eye_amber": {
    "criteria": {
      "has_ender_pearl": "2024-07-07 04:28:26 +0000"
    },
    "done": true
  },
  "usefulbackpacks:recipes/backpack_small": {
    "criteria": {
      "has_leather": "2024-07-07 04:07:44 +0000"
    },
    "done": true
  },
  "variantshields:recipes/combat/crimson_golden_shield": {
    "criteria": {
      "has_gold_ingot": "2024-07-07 04:28:24 +0000"
    },
    "done": true
  },
  "minecraft:recipes/combat/golden_sword": {
    "criteria": {
      "has_gold_ingot": "2024-07-07 04:28:24 +0000"
    },
    "done": true
  },
  "minecraft:recipes/tools/wooden_shovel": {
    "criteria": {
      "has_stick": "2024-07-07 04:14:13 +0000"
    },
    "done": true
  },
  "farmersdelight:recipes/farmersdelight/rice_bag": {
    "criteria": {
      "has_rice": "2024-07-07 04:06:43 +0000"
    },
    "done": true
  },
  "minecraft:recipes/redstone/dispenser": {
    "criteria": {
      "has_bow": "2024-07-07 04:10:29 +0000"
    },
    "done": true
  },
  "minecraft:recipes/building_blocks/cobblestone_slab": {
    "criteria": {
      "has_cobblestone": "2024-07-07 04:14:43 +0000"
    },
    "done": true
  },
  "farmersdelight:recipes/farmersdelight/cooking/beef_stew": {
    "criteria": {
      "has_any_ingredient": "2024-07-07 04:12:43 +0000"
    },
    "done": true
  },
  "minecraft:recipes/misc/brick": {
    "criteria": {
      "has_clay_ball": "2024-07-07 04:38:49 +0000"
    },
    "done": true
  },
  "betterend:recipes/decorations/umbrella_tree_sign": {
    "criteria": {
      "has_stick": "2024-07-07 04:14:13 +0000"
    },
    "done": true
  },
  "minecraft:recipes/building_blocks/gold_block": {
    "criteria": {
      "has_gold_ingot": "2024-07-07 04:28:24 +0000"
    },
    "done": true
  },
  "betterend:recipes/decorations/dragon_tree_bar_stool": {
    "criteria": {
      "has_stick": "2024-07-07 04:14:13 +0000"
    },
    "done": true
  },
  "variantshields:recipes/combat/bamboo_diamond_shield": {
    "criteria": {
      "has_diamond": "2024-07-07 04:35:00 +0000"
    },
    "done": true
  },
  "betterend:recipes/building_blocks/mossy_glowshroom_bookshelf": {
    "criteria": {
      "has_book": "2024-07-07 04:07:43 +0000"
    },
    "done": true
  },
  "minecraft:recipes/transportation/acacia_boat": {
    "criteria": {
      "in_water": "2024-07-07 04:21:01 +0000"
    },
    "done": true
  },
  "minecraft:recipes/redstone/iron_trapdoor": {
    "criteria": {
      "has_iron_ingot": "2024-07-07 04:26:38 +0000"
    },
    "done": true
  },
  "minecraft:adventure/root": {
    "criteria": {
      "killed_something": "2024-07-07 04:25:54 +0000"
    },
    "done": true
  },
  "farmersdelight:recipes/farmersdelight/cooking_pot": {
    "criteria": {
      "has_iron_ingot": "2024-07-07 04:26:38 +0000"
    },
    "done": true
  },
  "variantshields:recipes/combat/birch_iron_shield": {
    "criteria": {
      "has_iron_ingot": "2024-07-07 04:26:38 +0000"
    },
    "done": true
  },
  "betterend:recipes/misc/ender_pearl_to_dust": {
    "criteria": {
      "has_item.minecraft.ender_pearl": "2024-07-07 04:28:26 +0000"
    },
    "done": true
  },
  "betterend:recipes/misc/knockback_book": {
    "criteria": {
      "has_item.minecraft.book": "2024-07-07 04:07:43 +0000"
    },
    "done": true
  },
  "minecraft:recipes/decorations/deepslate_tile_wall_from_cobbled_deepslate_stonecutting": {
    "criteria": {
      "has_cobbled_deepslate": "2024-07-07 04:24:16 +0000"
    },
    "done": true
  },
  "minecraft:recipes/misc/iron_ingot_from_blasting_raw_iron": {
    "criteria": {
      "has_raw_iron": "2024-07-07 04:23:50 +0000"
    },
    "done": true
  },
  "betterend:recipes/decorations/end_lotus_sign": {
    "criteria": {
      "has_stick": "2024-07-07 04:14:13 +0000"
    },
    "done": true
  },
  "minecraft:recipes/combat/wooden_sword": {
    "criteria": {
      "has_stick": "2024-07-07 04:14:13 +0000"
    },
    "done": true
  },
  "minecraft:recipes/building_blocks/oak_planks": {
    "criteria": {
      "has_logs": "2024-07-07 05:16:44 +0000"
    },
    "done": true
  },
  "minecraft:recipes/combat/crossbow": {
    "criteria": {
      "has_string": "2024-07-07 04:17:30 +0000"
    },
    "done": true
  },
  "betterend:recipes/building_blocks/lacugrove_bookshelf": {
    "criteria": {
      "has_book": "2024-07-07 04:07:43 +0000"
    },
    "done": true
  },
  "variantshields:recipes/combat/oak_diamond_shield": {
    "criteria": {
      "has_diamond": "2024-07-07 04:35:00 +0000"
    },
    "done": true
  },
  "betterdungeons:root": {
    "criteria": {
      "always": "2024-07-07 04:05:10 +0000"
    },
    "done": true
  },
  "betterend:recipes/misc/copy_aeternium_upgrade": {
    "criteria": {
      "has_diamond": "2024-07-07 04:35:00 +0000"
    },
    "done": true
  },
  "betterend:recipes/misc/sharpness_book": {
    "criteria": {
      "has_item.minecraft.book": "2024-07-07 04:07:43 +0000"
    },
    "done": true
  },
  "betterend:recipes/misc/fortune_book": {
    "criteria": {
      "has_item.minecraft.book": "2024-07-07 04:07:43 +0000"
    },
    "done": true
  },
  "minecraft:recipes/decorations/barrel": {
    "criteria": {
      "has_planks": "2024-07-07 04:14:05 +0000"
    },
    "done": true
  },
  "minecraft:recipes/combat/leather_boots": {
    "criteria": {
      "has_leather": "2024-07-07 04:07:44 +0000"
    },
    "done": true
  },
  "minecraft:recipes/decorations/cobblestone_wall_from_cobblestone_stonecutting": {
    "criteria": {
      "has_cobblestone": "2024-07-07 04:14:43 +0000"
    },
    "done": true
  },
  "minecraft:recipes/building_blocks/diamond_block": {
    "criteria": {
      "has_diamond": "2024-07-07 04:35:00 +0000"
    },
    "done": true
  },
  "betterend:recipes/decorations/lucernia_ladder": {
    "criteria": {
      "has_stick": "2024-07-07 04:14:13 +0000"
    },
    "done": true
  },
  "betterend:recipes/decorations/helix_tree_taburet": {
    "criteria": {
      "has_stick": "2024-07-07 04:14:13 +0000"
    },
    "done": true
  },
  "minecraft:recipes/decorations/white_bed": {
    "criteria": {
      "has_white_wool": "2024-07-07 05:16:29 +0000"
    },
    "done": true
  },
  "minecraft:recipes/building_blocks/cobblestone_stairs": {
    "criteria": {
      "has_cobblestone": "2024-07-07 04:14:43 +0000"
    },
    "done": true
  },
  "betterend:recipes/decorations/pythadendron_taburet": {
    "criteria": {
      "has_stick": "2024-07-07 04:14:13 +0000"
    },
    "done": true
  },
  "alloy_forgery:recipes/alloy_forgery/copper_block": {
    "criteria": {
      "has_the_recipe": "2024-07-07 04:28:27 +0000"
    },
    "done": true
  },
  "variantshields:recipes/decorations/shield": {
    "criteria": {
      "has_variant_item": "2024-07-07 04:05:10 +0000"
    },
    "done": true
  },
  "betterend:recipes/building_blocks/umbrella_tree_bookshelf": {
    "criteria": {
      "has_book": "2024-07-07 04:07:43 +0000"
    },
    "done": true
  },
  "betterend:recipes/decorations/tenanea_chair": {
    "criteria": {
      "has_stick": "2024-07-07 04:14:13 +0000"
    },
    "done": true
  },
  "minecraft:story/mine_diamond": {
    "criteria": {
      "diamond": "2024-07-07 04:35:00 +0000"
    },
    "done": true
  },
  "betterend:recipes/misc/mending_book": {
    "criteria": {
      "has_item.minecraft.book": "2024-07-07 04:07:43 +0000"
    },
    "done": true
  },
  "betterend:recipes/decorations/tenanea_sign": {
    "criteria": {
      "has_stick": "2024-07-07 04:14:13 +0000"
    },
    "done": true
  },
  "variantshields:recipes/combat/spruce_wood_shield": {
    "criteria": {
      "has_plank": "2024-07-07 04:14:05 +0000"
    },
    "done": true
  },
  "farmersdelight:recipes/farmersdelight/cooking/pasta_with_mutton_chop": {
    "criteria": {
      "has_any_ingredient": "2024-07-07 05:16:29 +0000"
    },
    "done": true
  },
  "aquamirae:adventure/root": {
    "criteria": {
      "crafting_table": "2024-07-07 04:14:10 +0000"
    },
    "done": true
  },
  "bclib:recipes/redstone/tag_piston": {
    "criteria": {
      "has_tag_minecraft_planks": "2024-07-07 04:14:05 +0000"
    },
    "done": true
  },
  "variantshields:recipes/combat/cherry_iron_shield": {
    "criteria": {
      "has_iron_ingot": "2024-07-07 04:26:38 +0000"
    },
    "done": true
  },
  "minecraft:recipes/tools/stone_shovel": {
    "criteria": {
      "has_cobblestone": "2024-07-07 04:14:43 +0000"
    },
    "done": true
  },
  "betterend:recipes/misc/gold_chandelier": {
    "criteria": {
      "has_gold_ingot": "2024-07-07 04:28:24 +0000"
    },
    "done": true
  },
  "minecraft:recipes/building_blocks/oak_wood": {
    "criteria": {
      "has_log": "2024-07-07 05:16:44 +0000"
    },
    "done": true
  },
  "minecraft:recipes/food/cooked_beef": {
    "criteria": {
      "has_beef": "2024-07-07 05:12:44 +0000"
    },
    "done": true
  },
  "minecraft:recipes/misc/iron_ingot_from_nuggets": {
    "criteria": {
      "has_iron_nugget": "2024-07-07 04:10:35 +0000"
    },
    "done": true
  },
  "betterend:recipes/misc/punch_book": {
    "criteria": {
      "has_item.minecraft.book": "2024-07-07 04:07:43 +0000"
    },
    "done": true
  },
  "betterend:recipes/building_blocks/lucernia_bookshelf": {
    "criteria": {
      "has_book": "2024-07-07 04:07:43 +0000"
    },
    "done": true
  },
  "betterend:recipes/redstone/mossy_glowshroom_gate": {
    "criteria": {
      "has_stick": "2024-07-07 04:14:13 +0000"
    },
    "done": true
  },
  "minecraft:recipes/transportation/jungle_boat": {
    "criteria": {
      "in_water": "2024-07-07 04:21:01 +0000"
    },
    "done": true
  },
  "variantshields:recipes/combat/oak_golden_shield": {
    "criteria": {
      "has_gold_ingot": "2024-07-07 04:28:24 +0000"
    },
    "done": true
  },
  "minecraft:recipes/redstone/heavy_weighted_pressure_plate": {
    "criteria": {
      "has_iron_ingot": "2024-07-07 04:26:38 +0000"
    },
    "done": true
  },
  "betterend:recipes/misc/infusion_pedestal": {
    "criteria": {
      "has_ender_pearl": "2024-07-07 04:28:26 +0000"
    },
    "done": true
  },
  "minecraft:recipes/redstone/lever": {
    "criteria": {
      "has_cobblestone": "2024-07-07 04:14:43 +0000"
    },
    "done": true
  },
  "lootr:1chest": {
    "criteria": {
      "opened_chest": "2024-07-07 04:06:34 +0000"
    },
    "done": true
  },
  "minecraft:recipes/combat/iron_leggings": {
    "criteria": {
      "has_iron_ingot": "2024-07-07 04:26:38 +0000"
    },
    "done": true
  },
  "betterend:recipes/decorations/helix_tree_chair": {
    "criteria": {
      "has_stick": "2024-07-07 04:14:13 +0000"
    },
    "done": true
  },
  "minecraft:recipes/combat/leather_leggings": {
    "criteria": {
      "has_leather": "2024-07-07 04:07:44 +0000"
    },
    "done": true
  },
  "minecraft:story/obtain_armor": {
    "criteria": {
      "iron_leggings": "2024-07-07 04:42:59 +0000"
    },
    "done": true
  },
  "betterend:recipes/decorations/end_lotus_chair": {
    "criteria": {
      "has_stick": "2024-07-07 04:14:13 +0000"
    },
    "done": true
  },
  "minecraft:recipes/combat/diamond_leggings": {
    "criteria": {
      "has_diamond": "2024-07-07 04:35:00 +0000"
    },
    "done": true
  },
  "betterend:recipes/decorations/mossy_glowshroom_bar_stool": {
    "criteria": {
      "has_stick": "2024-07-07 04:14:13 +0000"
    },
    "done": true
  },
  "betterend:recipes/misc/infinity_book": {
    "criteria": {
      "has_item.minecraft.book": "2024-07-07 04:07:43 +0000"
    },
    "done": true
  },
  "variantshields:recipes/combat/dark_oak_iron_shield": {
    "criteria": {
      "has_iron_ingot": "2024-07-07 04:26:38 +0000"
    },
    "done": true
  },
  "minecraft:recipes/misc/iron_nugget_from_smelting": {
    "criteria": {
      "has_iron_pickaxe": "2024-07-07 04:26:46 +0000"
    },
    "done": true
  },
  "minecraft:recipes/misc/blue_dye": {
    "criteria": {
      "has_lapis_lazuli": "2024-07-07 04:39:25 +0000"
    },
    "done": true
  },
  "betterend:recipes/misc/leather_wrapped_stick": {
    "criteria": {
      "has_stick": "2024-07-07 04:14:13 +0000"
    },
    "done": true
  },
  "minecraft:recipes/food/baked_potato_from_campfire_cooking": {
    "criteria": {
      "has_potato": "2024-07-07 04:12:43 +0000"
    },
    "done": true
  },
  "alloy_forgery:recipes/alloy_forgery/iron_block": {
    "criteria": {
      "has_the_recipe": "2024-07-07 04:26:38 +0000"
    },
    "done": true
  },
  "farmersdelight:recipes/farmersdelight/cooking/baked_cod_stew": {
    "criteria": {
      "has_any_ingredient": "2024-07-07 04:12:43 +0000"
    },
    "done": true
  },
  "minecraft:recipes/building_blocks/bookshelf": {
    "criteria": {
      "has_book": "2024-07-07 04:07:43 +0000"
    },
    "done": true
  },
  "betterend:recipes/decorations/dragon_tree_fence": {
    "criteria": {
      "has_stick": "2024-07-07 04:14:13 +0000"
    },
    "done": true
  },
  "minecraft:story/iron_tools": {
    "criteria": {
      "iron_pickaxe": "2024-07-07 04:26:46 +0000"
    },
    "done": true
  },
  "minecraft:recipes/combat/iron_chestplate": {
    "criteria": {
      "has_iron_ingot": "2024-07-07 04:26:38 +0000"
    },
    "done": true
  },
  "minecraft:recipes/building_blocks/deepslate_brick_stairs_from_cobbled_deepslate_stonecutting": {
    "criteria": {
      "has_cobbled_deepslate": "2024-07-07 04:24:16 +0000"
    },
    "done": true
  },
  "betterend:recipes/misc/feather_falling_book": {
    "criteria": {
      "has_item.minecraft.book": "2024-07-07 04:07:43 +0000"
    },
    "done": true
  },
  "minecraft:recipes/combat/stone_sword": {
    "criteria": {
      "has_cobblestone": "2024-07-07 04:14:43 +0000"
    },
    "done": true
  },
  "minecraft:recipes/decorations/cobblestone_wall": {
    "criteria": {
      "has_cobblestone": "2024-07-07 04:14:43 +0000"
    },
    "done": true
  },
  "betterend:recipes/misc/copy_plate_upgrade": {
    "criteria": {
      "has_iron_ingot": "2024-07-07 04:26:38 +0000"
    },
    "done": true
  },
  "minecraft:recipes/misc/diamond": {
    "criteria": {
      "has_diamond_block": "2024-07-07 04:47:24 +0000"
    },
    "done": true
  },
  "minecraft:recipes/tools/stone_axe": {
    "criteria": {
      "has_cobblestone": "2024-07-07 04:14:43 +0000"
    },
    "done": true
  },
  "betterend:recipes/decorations/mossy_glowshroom_sign": {
    "criteria": {
      "has_stick": "2024-07-07 04:14:13 +0000"
    },
    "done": true
  },
  "twigs:recipes/tuff/tuff_slab": {
    "criteria": {
      "has_item": "2024-07-07 04:37:07 +0000"
    },
    "done": true
  },
  "betterend:recipes/misc/iron_chandelier": {
    "criteria": {
      "has_iron_ingot": "2024-07-07 04:26:38 +0000"
    },
    "done": true
  },
  "betterend:recipes/misc/aqua_affinity_book": {
    "criteria": {
      "has_item.minecraft.book": "2024-07-07 04:07:43 +0000"
    },
    "done": true
  },
  "minecraft:recipes/misc/iron_nugget": {
    "criteria": {
      "has_iron_ingot": "2024-07-07 04:26:38 +0000"
    },
    "done": true
  },
  "minecraft:recipes/misc/bucket": {
    "criteria": {
      "has_iron_ingot": "2024-07-07 04:26:38 +0000"
    },
    "done": true
  },
  "betterend:recipes/misc/fire_aspect_book": {
    "criteria": {
      "has_item.minecraft.book": "2024-07-07 04:07:43 +0000"
    },
    "done": true
  },
  "betterend:recipes/misc/copy_netherite_upgrade": {
    "criteria": {
      "has_diamond": "2024-07-07 04:35:00 +0000"
    },
    "done": true
  },
  "betterend:recipes/misc/copy_terminite_upgrade": {
    "criteria": {
      "has_stick": "2024-07-07 04:14:13 +0000"
    },
    "done": true
  },
  "minecraft:recipes/combat/bow": {
    "criteria": {
      "has_string": "2024-07-07 04:17:30 +0000"
    },
    "done": true
  },
  "minecraft:recipes/transportation/minecart": {
    "criteria": {
      "has_iron_ingot": "2024-07-07 04:26:38 +0000"
    },
    "done": true
  },
  "minecraft:recipes/tools/iron_hoe": {
    "criteria": {
      "has_iron_ingot": "2024-07-07 04:26:38 +0000"
    },
    "done": true
  },
  "betterend:recipes/building_blocks/tenanea_bookshelf": {
    "criteria": {
      "has_book": "2024-07-07 04:07:43 +0000"
    },
    "done": true
  },
  "variantshields:recipes/combat/spruce_diamond_shield": {
    "criteria": {
      "has_diamond": "2024-07-07 04:35:00 +0000"
    },
    "done": true
  },
  "minecraft:recipes/food/baked_potato": {
    "criteria": {
      "has_potato": "2024-07-07 04:12:43 +0000"
    },
    "done": true
  },
  "betterend:recipes/decorations/tenanea_bar_stool": {
    "criteria": {
      "has_stick": "2024-07-07 04:14:13 +0000"
    },
    "done": true
  },
  "minecraft:recipes/decorations/spruce_sign": {
    "criteria": {
      "has_planks": "2024-07-07 04:14:05 +0000"
    },
    "done": true
  },
  "betterend:recipes/misc/leather_to_stripes": {
    "criteria": {
      "has_leather": "2024-07-07 04:07:44 +0000"
    },
    "done": true
  },
  "minecraft:recipes/decorations/painting": {
    "criteria": {
      "has_wool": "2024-07-07 05:16:29 +0000"
    },
    "done": true
  },
  "bclib:recipes/decorations/tag_smith_table": {
    "criteria": {
      "has_tag_minecraft_planks": "2024-07-07 04:14:05 +0000"
    },
    "done": true
  },
  "minecraft:recipes/combat/arrow": {
    "criteria": {
      "has_flint": "2024-07-07 04:17:31 +0000"
    },
    "done": true
  },
  "minecraft:recipes/combat/golden_helmet": {
    "criteria": {
      "has_gold_ingot": "2024-07-07 04:28:24 +0000"
    },
    "done": true
  },
  "farmersdelight:recipes/farmersdelight/flint_knife": {
    "criteria": {
      "has_stick": "2024-07-07 04:14:13 +0000"
    },
    "done": true
  },
  "farmersdelight:recipes/farmersdelight/diamond_knife": {
    "criteria": {
      "has_diamond": "2024-07-07 04:35:00 +0000"
    },
    "done": true
  },
  "variantshields:recipes/combat/mangrove_diamond_shield": {
    "criteria": {
      "has_diamond": "2024-07-07 04:35:00 +0000"
    },
    "done": true
  },
  "betterend:recipes/misc/efficiency_book": {
    "criteria": {
      "has_item.minecraft.book": "2024-07-07 04:07:43 +0000"
    },
    "done": true
  },
  "minecraft:story/smelt_iron": {
    "criteria": {
      "iron": "2024-07-07 04:26:38 +0000"
    },
    "done": true
  },
  "minecraft:recipes/tools/fishing_rod": {
    "criteria": {
      "has_string": "2024-07-07 04:17:30 +0000"
    },
    "done": true
  },
  "minecraft:recipes/decorations/smoker": {
    "criteria": {
      "has_furnace": "2024-07-07 04:25:01 +0000"
    },
    "done": true
  },
  "minecraft:recipes/building_blocks/chiseled_deepslate_from_cobbled_deepslate_stonecutting": {
    "criteria": {
      "has_cobbled_deepslate": "2024-07-07 04:24:16 +0000"
    },
    "done": true
  },
  "minecraft:recipes/building_blocks/chiseled_stone_bricks": {
    "criteria": {
      "has_tag": "2024-07-07 04:47:42 +0000"
    },
    "done": true
  },
  "betterend:recipes/misc/projectile_protection_book": {
    "criteria": {
      "has_item.minecraft.book": "2024-07-07 04:07:43 +0000"
    },
    "done": true
  },
  "minecraft:recipes/building_blocks/emerald_block": {
    "criteria": {
      "has_emerald": "2024-07-07 04:12:37 +0000"
    },
    "done": true
  },
  "variantshields:recipes/combat/spruce_golden_shield": {
    "criteria": {
      "has_gold_ingot": "2024-07-07 04:28:24 +0000"
    },
    "done": true
  },
  "minecraft:recipes/decorations/cobbled_deepslate_wall_from_cobbled_deepslate_stonecutting": {
    "criteria": {
      "has_cobbled_deepslate": "2024-07-07 04:24:16 +0000"
    },
    "done": true
  },
  "betterend:recipes/building_blocks/helix_tree_bookshelf": {
    "criteria": {
      "has_book": "2024-07-07 04:07:43 +0000"
    },
    "done": true
  },
  "betterend:recipes/decorations/tenanea_fence": {
    "criteria": {
      "has_stick": "2024-07-07 04:14:13 +0000"
    },
    "done": true
  },
  "farmersdelight:recipes/farmersdelight/cutting_board": {
    "criteria": {
      "has_stick": "2024-07-07 04:14:13 +0000"
    },
    "done": true
  },
  "twigs:recipes/cobblestone_bricks/cobblestone_brick_slab_from_cobblestone_stonecutting": {
    "criteria": {
      "has_item": "2024-07-07 04:14:43 +0000"
    },
    "done": true
  },
  "minecraft:recipes/decorations/chain": {
    "criteria": {
      "has_iron_nugget": "2024-07-07 04:10:35 +0000"
    },
    "done": true
  },
  "betterend:recipes/misc/fire_protection_book": {
    "criteria": {
      "has_item.minecraft.book": "2024-07-07 04:07:43 +0000"
    },
    "done": true
  },
  "variantshields:recipes/combat/crimson_diamond_shield": {
    "criteria": {
      "has_diamond": "2024-07-07 04:35:00 +0000"
    },
    "done": true
  },
  "betterend:recipes/decorations/lucernia_bar_stool": {
    "criteria": {
      "has_stick": "2024-07-07 04:14:13 +0000"
    },
    "done": true
  },
  "minecraft:recipes/building_blocks/chiseled_bookshelf": {
    "criteria": {
      "has_book": "2024-07-07 04:07:43 +0000"
    },
    "done": true
  },
  "minecraft:recipes/building_blocks/spruce_wood": {
    "criteria": {
      "has_log": "2024-07-07 04:06:42 +0000"
    },
    "done": true
  },
  "betterend:recipes/redstone/helix_tree_gate": {
    "criteria": {
      "has_stick": "2024-07-07 04:14:13 +0000"
    },
    "done": true
  },
  "minecraft:recipes/decorations/cobbled_deepslate_wall": {
    "criteria": {
      "has_cobbled_deepslate": "2024-07-07 04:24:16 +0000"
    },
    "done": true
  },
  "variantshields:recipes/combat/mangrove_golden_shield": {
    "criteria": {
      "has_gold_ingot": "2024-07-07 04:28:24 +0000"
    },
    "done": true
  },
  "minecraft:recipes/decorations/polished_deepslate_wall_from_cobbled_deepslate_stonecutting": {
    "criteria": {
      "has_cobbled_deepslate": "2024-07-07 04:24:16 +0000"
    },
    "done": true
  },
  "mythicmobs:mythicmobs": {
    "criteria": {
      "tick": "2024-07-07 04:05:10 +0000"
    },
    "done": true
  },
  "lootr:root": {
    "criteria": {
      "always_true": "2024-07-07 04:05:10 +0000"
    },
    "done": true
  },
  "betterend:recipes/decorations/pythadendron_sign": {
    "criteria": {
      "has_stick": "2024-07-07 04:14:13 +0000"
    },
    "done": true
  },
  "bclib:recipes/transportation/tag_rail": {
    "criteria": {
      "has_stick": "2024-07-07 04:14:13 +0000"
    },
    "done": true
  },
  "minecraft:recipes/decorations/smithing_table": {
    "criteria": {
      "has_iron_ingot": "2024-07-07 04:26:38 +0000"
    },
    "done": true
  },
  "betterend:recipes/decorations/mossy_glowshroom_chair": {
    "criteria": {
      "has_stick": "2024-07-07 04:14:13 +0000"
    },
    "done": true
  },
  "twigs:recipes/lamps/lamp": {
    "criteria": {
      "has_item": "2024-07-07 04:20:09 +0000"
    },
    "done": true
  },
  "twigs:recipes/tuff/polished_tuff_bricks_from_bloodstone_stonecutting": {
    "criteria": {
      "has_item": "2024-07-07 04:37:07 +0000"
    },
    "done": true
  },
  "twigs:recipes/cobblestone_bricks/cobblestone_bricks_stonecutting": {
    "criteria": {
      "has_item": "2024-07-07 04:14:43 +0000"
    },
    "done": true
  },
  "minecraft:recipes/transportation/spruce_boat": {
    "criteria": {
      "in_water": "2024-07-07 04:21:01 +0000"
    },
    "done": true
  },
  "variantshields:recipes/combat/bamboo_golden_shield": {
    "criteria": {
      "has_gold_ingot": "2024-07-07 04:28:24 +0000"
    },
    "done": true
  },
  "twigs:recipes/cobblestone_bricks/cobblestone_bricks": {
    "criteria": {
      "has_item": "2024-07-07 04:14:43 +0000"
    },
    "done": true
  },
  "betterend:recipes/misc/copy_handle_attachment": {
    "criteria": {
      "has_stick": "2024-07-07 04:14:13 +0000"
    },
    "done": true
  },
  "bclib:recipes/combat/tag_shield": {
    "criteria": {
      "has_tag_minecraft_planks": "2024-07-07 04:14:05 +0000"
    },
    "done": true
  },
  "betterend:recipes/misc/sweeping_book": {
    "criteria": {
      "has_item.minecraft.book": "2024-07-07 04:07:43 +0000"
    },
    "done": true
  },
  "betterend:recipes/misc/respiration_book": {
    "criteria": {
      "has_item.minecraft.book": "2024-07-07 04:07:43 +0000"
    },
    "done": true
  },
  "minecraft:husbandry/root": {
    "criteria": {
      "consumed_item": "2024-07-07 04:10:10 +0000"
    },
    "done": true
  },
  "minecraft:recipes/transportation/birch_boat": {
    "criteria": {
      "in_water": "2024-07-07 04:21:01 +0000"
    },
    "done": true
  },
  "minecraft:recipes/building_blocks/cobbled_deepslate_stairs_from_cobbled_deepslate_stonecutting": {
    "criteria": {
      "has_cobbled_deepslate": "2024-07-07 04:24:16 +0000"
    },
    "done": true
  },
  "betterend:recipes/decorations/end_lotus_bar_stool": {
    "criteria": {
      "has_stick": "2024-07-07 04:14:13 +0000"
    },
    "done": true
  },
  "minecraft:recipes/building_blocks/deepslate": {
    "criteria": {
      "has_cobbled_deepslate": "2024-07-07 04:24:16 +0000"
    },
    "done": true
  },
  "minecraft:recipes/decorations/white_carpet": {
    "criteria": {
      "has_white_wool": "2024-07-07 05:16:29 +0000"
    },
    "done": true
  },
  "betterdeserttemples:root": {
    "criteria": {
      "always": "2024-07-07 04:05:10 +0000"
    },
    "done": true
  },
  "minecraft:recipes/transportation/oak_boat": {
    "criteria": {
      "in_water": "2024-07-07 04:21:01 +0000"
    },
    "done": true
  },
  "farmersdelight:recipes/farmersdelight/cooking/pasta_with_meatballs": {
    "criteria": {
      "has_any_ingredient": "2024-07-07 05:12:44 +0000"
    },
    "done": true
  },
  "minecraft:recipes/building_blocks/coal_block": {
    "criteria": {
      "has_coal": "2024-07-07 04:15:15 +0000"
    },
    "done": true
  },
  "betterend:recipes/misc/iron_hammer": {
    "criteria": {
      "has_stick": "2024-07-07 04:14:13 +0000"
    },
    "done": true
  },
  "variantshields:recipes/combat/bamboo_iron_shield": {
    "criteria": {
      "has_iron_ingot": "2024-07-07 04:26:38 +0000"
    },
    "done": true
  },
  "minecraft:recipes/building_blocks/spruce_slab": {
    "criteria": {
      "has_planks": "2024-07-07 04:14:05 +0000"
    },
    "done": true
  },
  "betterend:recipes/misc/soul_speed_book": {
    "criteria": {
      "has_item.minecraft.book": "2024-07-07 04:07:43 +0000"
    },
    "done": true
  },
  "betterend:recipes/redstone/end_lotus_gate": {
    "criteria": {
      "has_stick": "2024-07-07 04:14:13 +0000"
    },
    "done": true
  },
  "variantshields:recipes/combat/cherry_diamond_shield": {
    "criteria": {
      "has_diamond": "2024-07-07 04:35:00 +0000"
    },
    "done": true
  },
  "betterend:recipes/redstone/lacugrove_gate": {
    "criteria": {
      "has_stick": "2024-07-07 04:14:13 +0000"
    },
    "done": true
  },
  "betterend:recipes/decorations/pythadendron_bar_stool": {
    "criteria": {
      "has_stick": "2024-07-07 04:14:13 +0000"
    },
    "done": true
  },
  "betterend:recipes/misc/blast_protection_book": {
    "criteria": {
      "has_item.minecraft.book": "2024-07-07 04:07:43 +0000"
    },
    "done": true
  },
  "goodending:recipes/muddy_oak_boat": {
    "criteria": {
      "in_water": "2024-07-07 04:21:01 +0000"
    },
    "done": true
  },
  "betterend:recipes/misc/looting_book": {
    "criteria": {
      "has_item.minecraft.book": "2024-07-07 04:07:43 +0000"
    },
    "done": true
  },
  "minecraft:recipes/combat/diamond_boots": {
    "criteria": {
      "has_diamond": "2024-07-07 04:35:00 +0000"
    },
    "done": true
  },
  "betterend:recipes/misc/depth_strider_book": {
    "criteria": {
      "has_item.minecraft.book": "2024-07-07 04:07:43 +0000"
    },
    "done": true
  },
  "minecraft:recipes/combat/iron_sword": {
    "criteria": {
      "has_iron_ingot": "2024-07-07 04:26:38 +0000"
    },
    "done": true
  },
  "betterend:recipes/misc/sweet_berry_jelly": {
    "criteria": {
      "has_sweet_berries": "2024-07-07 04:06:40 +0000"
    },
    "done": true
  },
  "minecraft:recipes/tools/iron_pickaxe": {
    "criteria": {
      "has_iron_ingot": "2024-07-07 04:26:38 +0000"
    },
    "done": true
  },
  "betterend:recipes/misc/terminite_sword_handle": {
    "criteria": {
      "has_item.minecraft.stick": "2024-07-07 04:14:13 +0000"
    },
    "done": true
  },
  "minecraft:recipes/transportation/mangrove_boat": {
    "criteria": {
      "in_water": "2024-07-07 04:21:01 +0000"
    },
    "done": true
  },
  "minecraft:recipes/decorations/torch": {
    "criteria": {
      "has_stone_pickaxe": "2024-07-07 04:14:53 +0000"
    },
    "done": true
  },
  "minecraft:recipes/building_blocks/dark_oak_planks": {
    "criteria": {
      "has_log": "2024-07-07 04:32:22 +0000"
    },
    "done": true
  },
  "minecraft:recipes/combat/shield": {
    "criteria": {
      "has_the_recipe": "2024-07-07 04:05:10 +0000"
    },
    "done": true
  },
  "variantshields:recipes/combat/acacia_diamond_shield": {
    "criteria": {
      "has_diamond": "2024-07-07 04:35:00 +0000"
    },
    "done": true
  },
  "betterend:recipes/misc/iron_bulb_lantern": {
    "criteria": {
      "has_iron_ingot": "2024-07-07 04:26:38 +0000"
    },
    "done": true
  },
  "minecraft:recipes/decorations/iron_bars": {
    "criteria": {
      "has_iron_ingot": "2024-07-07 04:26:38 +0000"
    },
    "done": true
  },
  "minecraft:recipes/building_blocks/spruce_planks": {
    "criteria": {
      "has_logs": "2024-07-07 04:06:42 +0000"
    },
    "done": true
  },
  "betterend:recipes/misc/thallasium_sword_handle": {
    "criteria": {
      "has_item.minecraft.stick": "2024-07-07 04:14:13 +0000"
    },
    "done": true
  },
  "variantshields:recipes/combat/acacia_iron_shield": {
    "criteria": {
      "has_iron_ingot": "2024-07-07 04:26:38 +0000"
    },
    "done": true
  },
  "betterend:recipes/misc/bane_of_arthropods_book": {
    "criteria": {
      "has_item.minecraft.book": "2024-07-07 04:07:43 +0000"
    },
    "done": true
  },
  "minecraft:recipes/building_blocks/polished_deepslate_slab_from_cobbled_deepslate_stonecutting": {
    "criteria": {
      "has_cobbled_deepslate": "2024-07-07 04:24:16 +0000"
    },
    "done": true
  },
  "betterend:recipes/decorations/jellyshroom_ladder": {
    "criteria": {
      "has_stick": "2024-07-07 04:14:13 +0000"
    },
    "done": true
  },
  "betterend:recipes/misc/copy_thallasium_upgrade": {
    "criteria": {
      "has_stick": "2024-07-07 04:14:13 +0000"
    },
    "done": true
  },
  "betterend:recipes/misc/unbreaking_book": {
    "criteria": {
      "has_item.minecraft.book": "2024-07-07 04:07:43 +0000"
    },
    "done": true
  },
  "variantshields:recipes/combat/acacia_golden_shield": {
    "criteria": {
      "has_gold_ingot": "2024-07-07 04:28:24 +0000"
    },
    "done": true
  },
  "betterend:recipes/misc/loyalty_book": {
    "criteria": {
      "has_item.minecraft.book": "2024-07-07 04:07:43 +0000"
    },
    "done": true
  },
  "betterend:recipes/misc/flame_book": {
    "criteria": {
      "has_item.minecraft.book": "2024-07-07 04:07:43 +0000"
    },
    "done": true
  },
  "minecraft:recipes/misc/iron_ingot_from_smelting_raw_iron": {
    "criteria": {
      "has_raw_iron": "2024-07-07 04:23:50 +0000"
    },
    "done": true
  },
  "minecraft:recipes/building_blocks/deepslate_brick_slab_from_cobbled_deepslate_stonecutting": {
    "criteria": {
      "has_cobbled_deepslate": "2024-07-07 04:24:16 +0000"
    },
    "done": true
  },
  "betterend:recipes/decorations/end_lotus_fence": {
    "criteria": {
      "has_stick": "2024-07-07 04:14:13 +0000"
    },
    "done": true
  },
  "minecraft:recipes/food/cooked_mutton": {
    "criteria": {
      "has_mutton": "2024-07-07 05:16:29 +0000"
    },
    "done": true
  },
  "variantshields:recipes/combat/birch_golden_shield": {
    "criteria": {
      "has_gold_ingot": "2024-07-07 04:28:24 +0000"
    },
    "done": true
  },
  "minecraft:recipes/tools/flint_and_steel": {
    "criteria": {
      "has_flint": "2024-07-07 04:17:31 +0000"
    },
    "done": true
  },
  "betterend:recipes/misc/thorns_book": {
    "criteria": {
      "has_item.minecraft.book": "2024-07-07 04:07:43 +0000"
    },
    "done": true
  },
  "minecraft:recipes/decorations/white_banner": {
    "criteria": {
      "has_white_wool": "2024-07-07 05:16:29 +0000"
    },
    "done": true
  },
  "betterend:recipes/misc/sweet_berry_jelly_potion": {
    "criteria": {
      "has_sweet_berries": "2024-07-07 04:06:40 +0000"
    },
    "done": true
  },
  "betterend:recipes/redstone/jellyshroom_gate": {
    "criteria": {
      "has_stick": "2024-07-07 04:14:13 +0000"
    },
    "done": true
  },
  "minecraft:recipes/tools/wooden_pickaxe": {
    "criteria": {
      "has_stick": "2024-07-07 04:14:13 +0000"
    },
    "done": true
  },
  "minecraft:recipes/building_blocks/cobbled_deepslate_stairs": {
    "criteria": {
      "has_cobbled_deepslate": "2024-07-07 04:24:16 +0000"
    },
    "done": true
  },
  "lootr:10loot": {
    "criteria": {
      "loot_stat": "2024-07-07 04:34:54 +0000"
    },
    "done": true
  },
  "minecraft:recipes/building_blocks/dark_oak_wood": {
    "criteria": {
      "has_log": "2024-07-07 04:32:22 +0000"
    },
    "done": true
  },
  "farmersdelight:main/root": {
    "criteria": {
      "seeds": "2024-07-07 04:05:10 +0000"
    },
    "done": true
  },
  "minecraft:recipes/food/baked_potato_from_smoking": {
    "criteria": {
      "has_potato": "2024-07-07 04:12:43 +0000"
    },
    "done": true
  },
  "minecraft:story/upgrade_tools": {
    "criteria": {
      "stone_pickaxe": "2024-07-07 04:14:53 +0000"
    },
    "done": true
  },
  "betterend:recipes/decorations/jellyshroom_taburet": {
    "criteria": {
      "has_stick": "2024-07-07 04:14:13 +0000"
    },
    "done": true
  },
  "rpg_series:classes": {
    "criteria": {
      "book": "2024-07-07 04:07:45 +0000"
    },
    "done": true
  },
  "betterend:recipes/building_blocks/jellyshroom_bookshelf": {
    "criteria": {
      "has_book": "2024-07-07 04:07:43 +0000"
    },
    "done": true
  },
  "betterarcheology:recipes/recipe_diamond_brush": {
    "criteria": {
      "has_item": "2024-07-07 04:35:00 +0000"
    },
    "done": true
  },
  "twigs:recipes/tuff/polished_tuff_stonecutting": {
    "criteria": {
      "has_item": "2024-07-07 04:37:07 +0000"
    },
    "done": true
  },
  "variantshields:recipes/combat/birch_diamond_shield": {
    "criteria": {
      "has_diamond": "2024-07-07 04:35:00 +0000"
    },
    "done": true
  },
  "betterend:recipes/decorations/jellyshroom_bar_stool": {
    "criteria": {
      "has_stick": "2024-07-07 04:14:13 +0000"
    },
    "done": true
  },
  "betterend:recipes/misc/lure_book": {
    "criteria": {
      "has_item.minecraft.book": "2024-07-07 04:07:43 +0000"
    },
    "done": true
  },
  "betterend:recipes/redstone/lucernia_gate": {
    "criteria": {
      "has_stick": "2024-07-07 04:14:13 +0000"
    },
    "done": true
  },
  "minecraft:recipes/redstone/spruce_trapdoor": {
    "criteria": {
      "has_planks": "2024-07-07 04:14:05 +0000"
    },
    "done": true
  },
  "twigs:recipes/stick_from_twig": {
    "criteria": {
      "has_item": "2024-07-07 04:18:23 +0000"
    },
    "done": true
  },
  "betterend:recipes/decorations/lucernia_taburet": {
    "criteria": {
      "has_stick": "2024-07-07 04:14:13 +0000"
    },
    "done": true
  },
  "betterend:recipes/misc/diamond_hammer": {
    "criteria": {
      "has_stick": "2024-07-07 04:14:13 +0000"
    },
    "done": true
  },
  "minecraft:recipes/food/cooked_mutton_from_campfire_cooking": {
    "criteria": {
      "has_mutton": "2024-07-07 05:16:29 +0000"
    },
    "done": true
  },
  "farmersdelight:recipes/farmersdelight/organic_compost_from_rotten_flesh": {
    "criteria": {
      "has_rotten_flesh": "2024-07-07 04:25:58 +0000"
    },
    "done": true
  },
  "minecraft:recipes/redstone/spruce_door": {
    "criteria": {
      "has_planks": "2024-07-07 04:14:05 +0000"
    },
    "done": true
  },
  "minecraft:recipes/redstone/spruce_fence_gate": {
    "criteria": {
      "has_planks": "2024-07-07 04:14:05 +0000"
    },
    "done": true
  },
  "betterend:recipes/decorations/lacugrove_fence": {
    "criteria": {
      "has_stick": "2024-07-07 04:14:13 +0000"
    },
    "done": true
  },
  "farmersdelight:recipes/farmersdelight/sweet_berry_cookie": {
    "criteria": {
      "has_sweet_berries": "2024-07-07 04:06:40 +0000"
    },
    "done": true
  },
  "betterend:recipes/redstone/dragon_tree_gate": {
    "criteria": {
      "has_stick": "2024-07-07 04:14:13 +0000"
    },
    "done": true
  },
  "minecraft:recipes/building_blocks/white_wool_from_string": {
    "criteria": {
      "has_string": "2024-07-07 04:17:30 +0000"
    },
    "done": true
  },
  "twigs:recipes/tuff/tuff_stairs": {
    "criteria": {
      "has_item": "2024-07-07 04:37:07 +0000"
    },
    "done": true
  },
  "betterend:recipes/misc/power_book": {
    "criteria": {
      "has_item.minecraft.book": "2024-07-07 04:07:43 +0000"
    },
    "done": true
  },
  "comforts:hammock_white": {
    "criteria": {
      "has_white_wool": "2024-07-07 05:16:29 +0000"
    },
    "done": true
  },
  "variantshields:recipes/combat/jungle_iron_shield": {
    "criteria": {
      "has_iron_ingot": "2024-07-07 04:26:38 +0000"
    },
    "done": true
  },
  "betterend:recipes/decorations/umbrella_tree_bar_stool": {
    "criteria": {
      "has_stick": "2024-07-07 04:14:13 +0000"
    },
    "done": true
  },
  "minecraft:recipes/building_blocks/amethyst_block": {
    "criteria": {
      "has_amethyst_shard": "2024-07-07 04:34:57 +0000"
    },
    "done": true
  },
  "minecraft:recipes/tools/iron_axe": {
    "criteria": {
      "has_iron_ingot": "2024-07-07 04:26:38 +0000"
    },
    "done": true
  },
  "bclib:recipes/redstone/tag_hopper": {
    "criteria": {
      "has_tag_c_iron_ingots": "2024-07-07 04:26:38 +0000"
    },
    "done": true
  },
  "usefulbackpacks:recipes/filter_configurator": {
    "criteria": {
      "has_leather": "2024-07-07 04:07:44 +0000"
    },
    "done": true
  },
  "minecraft:recipes/misc/iron_nugget_from_blasting": {
    "criteria": {
      "has_iron_pickaxe": "2024-07-07 04:26:46 +0000"
    },
    "done": true
  },
  "minecraft:adventure/kill_a_mob": {
    "criteria": {
      "minecraft:zombie": "2024-07-07 04:25:54 +0000"
    },
    "done": true
  },
  "betterend:recipes/misc/smite_book": {
    "criteria": {
      "has_item.minecraft.book": "2024-07-07 04:07:43 +0000"
    },
    "done": true
  },
  "minecraft:recipes/building_blocks/deepslate_bricks_from_cobbled_deepslate_stonecutting": {
    "criteria": {
      "has_cobbled_deepslate": "2024-07-07 04:24:16 +0000"
    },
    "done": true
  },
  "minecraft:adventure/adventuring_time": {
    "criteria": {
      "minecraft:taiga": "2024-07-07 05:16:38 +0000",
      "minecraft:frozen_river": "2024-07-07 05:01:53 +0000",
      "minecraft:river": "2024-07-07 04:11:42 +0000",
      "minecraft:snowy_taiga": "2024-07-07 05:01:34 +0000",
      "minecraft:lush_caves": "2024-07-07 04:20:21 +0000"
    },
    "done": false
  },
  "minecraft:recipes/building_blocks/cobblestone_stairs_from_cobblestone_stonecutting": {
    "criteria": {
      "has_cobblestone": "2024-07-07 04:14:43 +0000"
    },
    "done": true
  },
  "minecraft:recipes/tools/golden_hoe": {
    "criteria": {
      "has_gold_ingot": "2024-07-07 04:28:24 +0000"
    },
    "done": true
  },
  "variantshields:recipes/combat/jungle_diamond_shield": {
    "criteria": {
      "has_diamond": "2024-07-07 04:35:00 +0000"
    },
    "done": true
  },
  "minecraft:husbandry/balanced_diet": {
    "criteria": {
      "cooked_beef": "2024-07-07 05:05:07 +0000",
      "bread": "2024-07-07 04:10:10 +0000"
    },
    "done": false
  },
  "minecraft:recipes/building_blocks/deepslate_tiles_from_cobbled_deepslate_stonecutting": {
    "criteria": {
      "has_cobbled_deepslate": "2024-07-07 04:24:16 +0000"
    },
    "done": true
  },
  "betterend:recipes/decorations/umbrella_tree_taburet": {
    "criteria": {
      "has_stick": "2024-07-07 04:14:13 +0000"
    },
    "done": true
  },
  "minecraft:recipes/tools/stone_hoe": {
    "criteria": {
      "has_cobblestone": "2024-07-07 04:14:43 +0000"
    },
    "done": true
  },
  "minecraft:recipes/building_blocks/spruce_stairs": {
    "criteria": {
      "has_planks": "2024-07-07 04:14:05 +0000"
    },
    "done": true
  },
  "bclib:recipes/brewing/tag_cauldron": {
    "criteria": {
      "has_tag_c_iron_ingots": "2024-07-07 04:26:38 +0000"
    },
    "done": true
  },
  "betterend:recipes/decorations/tenanea_ladder": {
    "criteria": {
      "has_stick": "2024-07-07 04:14:13 +0000"
    },
    "done": true
  },
  "minecraft:recipes/decorations/loom": {
    "criteria": {
      "has_string": "2024-07-07 04:17:30 +0000"
    },
    "done": true
  },
  "minecraft:recipes/tools/diamond_axe": {
    "criteria": {
      "has_diamond": "2024-07-07 04:35:00 +0000"
    },
    "done": true
  },
  "rechiseled:recipes/misc/chisel": {
    "criteria": {
      "recipe_condition": "2024-07-07 04:26:38 +0000"
    },
    "done": true
  },
  "betterend:recipes/decorations/mossy_glowshroom_taburet": {
    "criteria": {
      "has_stick": "2024-07-07 04:14:13 +0000"
    },
    "done": true
  },
  "minecraft:story/root": {
    "criteria": {
      "crafting_table": "2024-07-07 04:14:10 +0000"
    },
    "done": true
  },
  "betterend:recipes/decorations/mossy_glowshroom_fence": {
    "criteria": {
      "has_stick": "2024-07-07 04:14:13 +0000"
    },
    "done": true
  },
  "bclib:recipes/decorations/tag_stonecutter": {
    "criteria": {
      "has_tag_c_iron_ingots": "2024-07-07 04:26:38 +0000"
    },
    "done": true
  },
  "betterend:recipes/misc/copy_leather_handle_attachment": {
    "criteria": {
      "has_leather": "2024-07-07 04:07:44 +0000"
    },
    "done": true
  },
  "variantshields:recipes/combat/cherry_golden_shield": {
    "criteria": {
      "has_gold_ingot": "2024-07-07 04:28:24 +0000"
    },
    "done": true
  },
  "betterend:recipes/misc/silk_touch_book": {
    "criteria": {
      "has_item.minecraft.book": "2024-07-07 04:07:43 +0000"
    },
    "done": true
  },
  "betterend:recipes/misc/multishot_book": {
    "criteria": {
      "has_item.minecraft.book": "2024-07-07 04:07:43 +0000"
    },
    "done": true
  },
  "minecraft:recipes/redstone/iron_door": {
    "criteria": {
      "has_iron_ingot": "2024-07-07 04:26:38 +0000"
    },
    "done": true
  },
  "betterend:recipes/decorations/mossy_glowshroom_ladder": {
    "criteria": {
      "has_stick": "2024-07-07 04:14:13 +0000"
    },
    "done": true
  },
  "minecraft:recipes/misc/copper_ingot_from_smelting_raw_copper": {
    "criteria": {
      "has_raw_copper": "2024-07-07 04:31:46 +0000"
    },
    "done": true
  },
  "betterend:recipes/decorations/dragon_tree_sign": {
    "criteria": {
      "has_stick": "2024-07-07 04:14:13 +0000"
    },
    "done": true
  },
  "farmersdelight:recipes/farmersdelight/golden_knife": {
    "criteria": {
      "has_gold_ingot": "2024-07-07 04:28:24 +0000"
    },
    "done": true
  },
  "minecraft:recipes/transportation/dark_oak_boat": {
    "criteria": {
      "in_water": "2024-07-07 04:21:01 +0000"
    },
    "done": true
  },
  "minecraft:recipes/misc/mojang_banner_pattern": {
    "criteria": {
      "has_enchanted_golden_apple": "2024-07-07 04:44:52 +0000"
    },
    "done": true
  },
  "minecraft:recipes/combat/golden_leggings": {
    "criteria": {
      "has_gold_ingot": "2024-07-07 04:28:24 +0000"
    },
    "done": true
  },
  "minecraft:recipes/food/cooked_beef_from_campfire_cooking": {
    "criteria": {
      "has_beef": "2024-07-07 05:12:44 +0000"
    },
    "done": true
  },
  "betterend:recipes/decorations/dragon_tree_chair": {
    "criteria": {
      "has_stick": "2024-07-07 04:14:13 +0000"
    },
    "done": true
  },
  "DataVersion": 3465
}